Date,Open,High,Low,Close
2020/1/2,57.20000076293945,57.20000076293945,57.20000076293945,57.20000076293945
2020/1/3,60.119998931884766,60.119998931884766,60.119998931884766,60.119998931884766
2020/1/6,62.790000915527344,62.790000915527344,62.790000915527344,62.790000915527344
2020/1/7,62.630001068115234,62.630001068115234,62.630001068115234,62.630001068115234
2020/1/8,60.49000168,60.49000168,60.49000168,60.49000168
2020/1/9,57.65999984741211,57.65999984741211,57.65999984741211,57.65999984741211
2020/1/10,53.31999969482422,53.31999969482422,53.31999969482422,53.31999969482422
2020/1/13,53.27000045776367,53.27000045776367,53.27000045776367,53.27000045776367
2020/1/14,52.349998474121094,52.349998474121094,52.349998474121094,52.349998474121094
2020/1/15,50.540000915527344,50.540000915527344,50.540000915527344,50.540000915527344
2020/1/16,50.369998931884766,50.369998931884766,50.369998931884766,50.369998931884766
2020/1/17,49.66999816894531,49.66999816894531,49.66999816894531,49.66999816894531
2020/1/21,53.41999816894531,53.41999816894531,53.41999816894531,53.41999816894531
2020/1/22,51.310001373291016,51.310001373291016,51.310001373291016,51.310001373291016
2020/1/23,55.34000015258789,55.34000015258789,55.34000015258789,55.34000015258789
2020/1/24,59.939998626708984,59.939998626708984,59.939998626708984,59.939998626708984
2020/1/27,66.73000336,66.73000336,66.73000336,66.73000336
2020/1/28,65.59999847,65.59999847,65.59999847,65.59999847
2020/1/29,66.16999816894531,66.16999816894531,66.16999816894531,66.16999816894531
2020/1/30,71.06999969482422,71.06999969482422,71.06999969482422,71.06999969482422
2020/1/31,72.98000336,72.98000336,72.98000336,72.98000336
2020/2/3,72.80999755859375,72.80999755859375,72.80999755859375,72.80999755859375
2020/2/4,68.16999816894531,68.16999816894531,68.16999816894531,68.16999816894531
2020/2/5,64.06999969482422,64.06999969482422,64.06999969482422,64.06999969482422
2020/2/6,61.24000168,61.24000168,61.24000168,61.24000168
2020/2/7,65.58999633789062,65.58999633789062,65.58999633789062,65.58999633789062
2020/2/10,68.12999725341797,68.12999725341797,68.12999725341797,68.12999725341797
2020/2/11,64.88999938964844,64.88999938964844,64.88999938964844,64.88999938964844
2020/2/12,63.52000045776367,63.52000045776367,63.52000045776367,63.52000045776367
2020/2/13,63.50999832,63.50999832,63.50999832,63.50999832
2020/2/14,62.380001068115234,62.380001068115234,62.380001068115234,62.380001068115234
2020/2/18,67.66000366210938,67.66000366210938,67.66000366210938,67.66000366210938
2020/2/19,68.04000091552734,68.04000091552734,68.04000091552734,68.04000091552734
2020/2/20,69.59999847,69.59999847,69.59999847,69.59999847
2020/2/21,74.54000091552734,74.54000091552734,74.54000091552734,74.54000091552734
2020/2/24,86.91999816894531,86.91999816894531,86.91999816894531,86.91999816894531
2020/2/25,87.37999725341797,87.37999725341797,87.37999725341797,87.37999725341797
2020/2/26,87,87,87,87
2020/2/27,92.58999633789062,92.58999633789062,92.58999633789062,92.58999633789062
2020/2/28,109.66999816894531,109.66999816894531,109.66999816894531,109.66999816894531
2020/3/2,104.88999938964844,104.88999938964844,104.88999938964844,104.88999938964844
2020/3/3,102.97000122070312,102.97000122070312,102.97000122070312,102.97000122070312
2020/3/4,89.58999633789062,89.58999633789062,89.58999633789062,89.58999633789062
2020/3/5,96.95999908447266,96.95999908447266,96.95999908447266,96.95999908447266
2020/3/6,125.20999908447266,125.20999908447266,125.20999908447266,125.20999908447266
2020/3/9,163.6999969482422,163.6999969482422,163.6999969482422,163.6999969482422
2020/3/10,123.72000122070312,123.72000122070312,123.72000122070312,123.72000122070312
2020/3/11,127.83999633789062,127.83999633789062,127.83999633789062,127.83999633789062
2020/3/12,152.6199951171875,152.6199951171875,152.6199951171875,152.6199951171875
2020/3/13,138.39999389648438,138.39999389648438,138.39999389648438,138.39999389648438
2020/3/16,124.52999877929688,124.52999877929688,124.52999877929688,124.52999877929688
2020/3/17,109.8499984741211,109.8499984741211,109.8499984741211,109.8499984741211
2020/3/18,124.13999938964844,124.13999938964844,124.13999938964844,124.13999938964844
2020/3/19,141.1300048828125,141.1300048828125,141.1300048828125,141.1300048828125
2020/3/20,133.3699951171875,133.3699951171875,133.3699951171875,133.3699951171875
2020/3/23,135.3800048828125,135.3800048828125,135.3800048828125,135.3800048828125
2020/3/24,111.08999633789062,111.08999633789062,111.08999633789062,111.08999633789062
2020/3/25,87.13999938964844,87.13999938964844,87.13999938964844,87.13999938964844
2020/3/26,88.48000336,88.48000336,88.48000336,88.48000336
2020/3/27,88.33000183105469,88.33000183105469,88.33000183105469,88.33000183105469
2020/3/30,90.69999694824219,90.69999694824219,90.69999694824219,90.69999694824219
2020/3/31,83.87000274658203,83.87000274658203,83.87000274658203,83.87000274658203
2020/4/1,83.12999725341797,83.12999725341797,83.12999725341797,83.12999725341797
2020/4/2,71.98999786376953,71.98999786376953,71.98999786376953,71.98999786376953
2020/4/3,65.01000213623047,65.01000213623047,65.01000213623047,65.01000213623047
2020/4/6,66.27999877929688,66.27999877929688,66.27999877929688,66.27999877929688
2020/4/7,72.20999908447266,72.20999908447266,72.20999908447266,72.20999908447266
2020/4/8,75.70999908447266,75.70999908447266,75.70999908447266,75.70999908447266
2020/4/9,74.38999938964844,74.38999938964844,74.38999938964844,74.38999938964844
2020/4/13,75.84999847,75.84999847,75.84999847,75.84999847
2020/4/14,69.51999664,69.51999664,69.51999664,69.51999664
2020/4/15,70.5,70.5,70.5,70.5
2020/4/16,69.93000030517578,69.93000030517578,69.93000030517578,69.93000030517578
2020/4/17,69.83999633789062,69.83999633789062,69.83999633789062,69.83999633789062
2020/4/20,70.59999847,70.59999847,70.59999847,70.59999847
2020/4/21,73.83000183105469,73.83000183105469,73.83000183105469,73.83000183105469
2020/4/22,72.29000091552734,72.29000091552734,72.29000091552734,72.29000091552734
2020/4/23,67.25,67.25,67.25,67.25
2020/4/24,66.08999633789062,66.08999633789062,66.08999633789062,66.08999633789062
2020/4/27,62.70000076293945,62.70000076293945,62.70000076293945,62.70000076293945
2020/4/28,58.88999938964844,58.88999938964844,58.88999938964844,58.88999938964844
2020/4/29,57.150001525878906,57.150001525878906,57.150001525878906,57.150001525878906
2020/4/30,53.59000015258789,53.59000015258789,53.59000015258789,53.59000015258789
2020/5/1,48.11000061035156,48.11000061035156,48.11000061035156,48.11000061035156
2020/5/4,49.25,49.25,49.25,49.25
2020/5/5,49.650001525878906,49.650001525878906,49.650001525878906,49.650001525878906
2020/5/6,51.310001373291016,51.310001373291016,51.310001373291016,51.310001373291016
2020/5/7,54.93000030517578,54.93000030517578,54.93000030517578,54.93000030517578
2020/5/8,57.400001525878906,57.400001525878906,57.400001525878906,57.400001525878906
2020/5/11,61.599998474121094,61.599998474121094,61.599998474121094,61.599998474121094
2020/5/12,61.25999832,61.25999832,61.25999832,61.25999832
2020/5/13,57.560001373291016,57.560001373291016,57.560001373291016,57.560001373291016
2020/5/14,59.04999923706055,59.04999923706055,59.04999923706055,59.04999923706055
2020/5/15,56.529998779296875,56.529998779296875,56.529998779296875,56.529998779296875
2020/5/18,58.70000076293945,58.70000076293945,58.70000076293945,58.70000076293945
2020/5/19,60.09000015258789,60.09000015258789,60.09000015258789,60.09000015258789
2020/5/20,58.849998474121094,58.849998474121094,58.849998474121094,58.849998474121094
2020/5/21,55.619998931884766,55.619998931884766,55.619998931884766,55.619998931884766
2020/5/22,51.66999816894531,51.66999816894531,51.66999816894531,51.66999816894531
2020/5/26,52.220001220703125,52.220001220703125,52.220001220703125,52.220001220703125
2020/5/27,52.97999954223633,52.97999954223633,52.97999954223633,52.97999954223633
2020/5/28,50.56999969482422,50.56999969482422,50.56999969482422,50.56999969482422
2020/5/29,51.54999923706055,51.54999923706055,51.54999923706055,51.54999923706055
2020/6/1,55.06999969482422,55.06999969482422,55.06999969482422,55.06999969482422
2020/6/2,55.349998474121094,55.349998474121094,55.349998474121094,55.349998474121094
2020/6/3,61.24000168,61.24000168,61.24000168,61.24000168
2020/6/4,61.18000030517578,61.18000030517578,61.18000030517578,61.18000030517578
2020/6/5,61.970001220703125,61.970001220703125,61.970001220703125,61.970001220703125
2020/6/8,62.77000045776367,62.77000045776367,62.77000045776367,62.77000045776367
2020/6/9,62.939998626708984,62.939998626708984,62.939998626708984,62.939998626708984
2020/6/10,60.02000045776367,60.02000045776367,60.02000045776367,60.02000045776367
2020/6/11,56.470001220703125,56.470001220703125,56.470001220703125,56.470001220703125
2020/6/12,55.810001373291016,55.810001373291016,55.810001373291016,55.810001373291016
2020/6/15,58.09000015258789,58.09000015258789,58.09000015258789,58.09000015258789
2020/6/16,60.49000168,60.49000168,60.49000168,60.49000168
2020/6/17,58.15999984741211,58.15999984741211,58.15999984741211,58.15999984741211
2020/6/18,55.150001525878906,55.150001525878906,55.150001525878906,55.150001525878906
2020/6/19,53.45000076293945,53.45000076293945,53.45000076293945,53.45000076293945
2020/6/22,53.93000030517578,53.93000030517578,53.93000030517578,53.93000030517578
2020/6/23,54.040000915527344,54.040000915527344,54.040000915527344,54.040000915527344
2020/6/24,54.88999938964844,54.88999938964844,54.88999938964844,54.88999938964844
2020/6/25,51.56999969482422,51.56999969482422,51.56999969482422,51.56999969482422
2020/6/26,51.209999084472656,51.209999084472656,51.209999084472656,51.209999084472656
2020/6/29,51.209999084472656,52.959999084472656,51.209999084472656,52.959999084472656
2020/6/30,52.959999084472656,54.130001068115234,52.959999084472656,54.130001068115234
2020/7/1,54.130001068115234,54.130001068115234,53.279998779296875,53.279998779296875
2020/7/2,53.279998779296875,53.279998779296875,50.959999084472656,50.959999084472656
2020/7/6,50.959999084472656,52.029998779296875,50.959999084472656,52.029998779296875
2020/7/7,52.029998779296875,52.029998779296875,50.97999954223633,50.97999954223633
2020/7/8,50.97999954223633,50.97999954223633,49.79999923706055,49.79999923706055
2020/7/9,49.79999923706055,50.06999969482422,49.79999923706055,50.06999969482422
2020/7/10,50.06999969482422,50.06999969482422,49.189998626708984,49.189998626708984
2020/7/13,49.189998626708984,49.54999923706055,49.189998626708984,49.54999923706055
2020/7/14,49.54999923706055,50.810001373291016,49.54999923706055,50.810001373291016
2020/7/15,50.810001373291016,50.810001373291016,47.08000183105469,47.08000183105469
2020/7/16,47.08000183105469,47.08000183105469,46.43000030517578,46.43000030517578
2020/7/17,45.68000030517578,45.68000030517578,45.68000030517578,45.68000030517578
2020/7/20,45.68000030517578,46.81999969482422,45.68000030517578,46.81999969482422
2020/7/21,46.81999969482422,46.81999969482422,46.45000076293945,46.45000076293945
2020/7/22,46.45000076293945,46.45000076293945,45.31999969482422,45.31999969482422
2020/7/23,45.31999969482422,45.31999969482422,43.93000030517578,43.93000030517578
2020/7/24,43.93000030517578,43.93000030517578,42.47999954223633,42.47999954223633
2020/7/27,42.61000061035156,42.61000061035156,42.61000061035156,42.61000061035156
2020/7/28,41.27000045776367,41.27000045776367,41.27000045776367,41.27000045776367
2020/7/29,41.630001068115234,41.630001068115234,41.630001068115234,41.630001068115234
2020/7/30,41.630001068115234,41.630001068115234,40.65999984741211,40.65999984741211
2020/7/31,41.97999954223633,41.97999954223633,41.97999954223633,41.97999954223633
2020/8/3,43.130001068115234,43.130001068115234,43.130001068115234,43.130001068115234
2020/8/4,44.11000061035156,44.11000061035156,44.11000061035156,44.11000061035156
2020/8/5,41.75,41.75,41.75,41.75
2020/8/6,42.599998474121094,42.599998474121094,42.599998474121094,42.599998474121094
2020/8/7,41.459999084472656,41.459999084472656,41.459999084472656,41.459999084472656
2020/8/10,42.209999084472656,42.209999084472656,42.209999084472656,42.209999084472656
2020/8/11,45.25999832,45.25999832,45.25999832,45.25999832
2020/8/12,44.22999954223633,44.22999954223633,44.22999954223633,44.22999954223633
2020/8/13,45.08000183105469,45.08000183105469,45.08000183105469,45.08000183105469
2020/8/14,43.09000015258789,43.09000015258789,43.09000015258789,43.09000015258789
2020/8/17,43.09000015258789,45.810001373291016,43.09000015258789,45.810001373291016
2020/8/18,45.810001373291016,46.060001373291016,45.810001373291016,46.060001373291016
2020/8/19,46.060001373291016,46.060001373291016,44.599998474121094,44.599998474121094
2020/8/20,44.599998474121094,44.599998474121094,44.58000183105469,44.58000183105469
2020/8/21,44.58000183105469,45.13999938964844,44.58000183105469,45.13999938964844
2020/8/24,45.13999938964844,46.33000183105469,45.13999938964844,46.33000183105469
2020/8/25,46.33000183105469,47.88999938964844,46.33000183105469,47.88999938964844
2020/8/26,47.88999938964844,47.99000168,47.88999938964844,47.99000168
2020/8/27,47.99000168,49.290000915527344,47.99000168,49.290000915527344
2020/8/28,49.290000915527344,49.290000915527344,48.189998626708984,48.189998626708984
2020/8/31,48.189998626708984,48.189998626708984,47.02000045776367,47.02000045776367
2020/9/1,47.02000045776367,47.02000045776367,44.29999923706055,44.29999923706055
2020/9/2,44.29999923706055,44.86000061035156,44.29999923706055,44.86000061035156
2020/9/3,44.86000061035156,45.75999832,44.86000061035156,45.75999832
2020/9/4,45.75999832,47.040000915527344,45.75999832,47.040000915527344
2020/9/8,47.040000915527344,50.68000030517578,47.040000915527344,50.68000030517578
2020/9/9,50.68000030517578,50.68000030517578,48.81999969482422,48.81999969482422
2020/9/10,48.81999969482422,48.81999969482422,45.209999084472656,45.209999084472656
2020/9/11,45.209999084472656,45.209999084472656,43.119998931884766,43.119998931884766
2020/9/14,43.119998931884766,44.209999084472656,43.119998931884766,44.209999084472656
2020/9/15,44.209999084472656,44.209999084472656,43.060001373291016,43.060001373291016
2020/9/16,43.060001373291016,43.060001373291016,42.43000030517578,42.43000030517578
2020/9/17,42.43000030517578,42.43000030517578,38.45000076293945,38.45000076293945
2020/9/18,38.45000076293945,38.45000076293945,37.24000168,37.24000168
2020/9/21,37.24000168,38.630001068115234,37.24000168,38.630001068115234
2020/9/22,38.630001068115234,39.349998474121094,38.630001068115234,39.349998474121094
2020/9/23,39.349998474121094,39.349998474121094,38.630001068115234,38.630001068115234
2020/9/24,38.630001068115234,38.630001068115234,37.220001220703125,37.220001220703125
2020/9/25,37.220001220703125,37.220001220703125,36.970001220703125,36.970001220703125
2020/9/28,36.970001220703125,37.400001525878906,36.970001220703125,37.400001525878906
2020/9/29,37.400001525878906,37.400001525878906,36.619998931884766,36.619998931884766
2020/9/30,36.619998931884766,39.209999084472656,36.619998931884766,39.209999084472656
2020/10/1,39.209999084472656,39.209999084472656,38.650001525878906,38.650001525878906
2020/10/2,38.650001525878906,39.970001220703125,38.650001525878906,39.970001220703125
2020/10/5,39.970001220703125,39.970001220703125,39.810001373291016,39.810001373291016
2020/10/6,39.810001373291016,57.75,39.810001373291016,57.75
2020/10/7,57.75,57.75,56.97999954223633,56.97999954223633
2020/10/8,56.97999954223633,57.310001373291016,56.97999954223633,57.310001373291016
2020/10/9,57.310001373291016,57.52000045776367,57.310001373291016,57.52000045776367
2020/10/13,57.52000045776367,57.52000045776367,55.59000015258789,55.59000015258789
2020/10/14,55.59000015258789,55.59000015258789,53.5,53.5
2020/10/15,53.5,55.619998931884766,53.5,55.619998931884766
2020/10/16,55.619998931884766,57.25,55.619998931884766,57.25
2020/10/19,57.25,61.15999984741211,57.25,61.15999984741211
2020/10/20,61.15999984741211,61.15999984741211,60.41999816894531,60.41999816894531
2020/10/21,60.41999816894531,60.41999816894531,59.06999969482422,59.06999969482422
2020/10/22,59.06999969482422,59.72999954223633,59.06999969482422,59.72999954223633
2020/10/23,59.72999954223633,59.72999954223633,58.459999084472656,58.459999084472656
2020/10/26,58.459999084472656,58.95000076293945,58.459999084472656,58.95000076293945
2020/10/27,58.95000076293945,58.95000076293945,57.880001068115234,57.880001068115234
2020/10/28,57.880001068115234,57.880001068115234,57.130001068115234,57.130001068115234
2020/10/29,57.130001068115234,61.29999923706055,57.130001068115234,61.29999923706055
2020/10/30,61.29999923706055,61.90999984741211,61.29999923706055,61.90999984741211
2020/11/2,61.90999984741211,63.560001373291016,61.90999984741211,63.560001373291016
2020/11/3,63.560001373291016,64.37000274658203,63.560001373291016,64.37000274658203
2020/11/4,64.37000274658203,64.37000274658203,47.74000168,47.74000168
2020/11/5,47.74000168,47.74000168,43.75999832,43.75999832
2020/11/6,43.75999832,43.75999832,39.880001068115234,39.880001068115234
2020/11/9,39.880001068115234,44.939998626708984,39.880001068115234,44.939998626708984
2020/11/10,44.939998626708984,46.189998626708984,44.939998626708984,46.189998626708984
2020/11/12,46.189998626708984,46.189998626708984,44.16999816894531,44.16999816894531
2020/11/13,44.16999816894531,44.16999816894531,42.95000076293945,42.95000076293945
2020/11/16,42.95000076293945,42.95000076293945,42.49000168,42.49000168
2020/11/17,42.49000168,43.08000183105469,42.49000168,43.08000183105469
2020/11/18,43.08000183105469,43.619998931884766,43.08000183105469,43.619998931884766
2020/11/19,43.619998931884766,43.619998931884766,43.529998779296875,43.529998779296875
2020/11/20,43.529998779296875,43.529998779296875,42.310001373291016,42.310001373291016
2020/11/23,42.310001373291016,43.040000915527344,42.310001373291016,43.040000915527344
2020/11/24,43.040000915527344,43.040000915527344,42.380001068115234,42.380001068115234
2020/11/25,42.380001068115234,42.380001068115234,39.619998931884766,39.619998931884766
2020/11/27,39.619998931884766,39.63999938964844,39.619998931884766,39.63999938964844
2020/11/30,39.63999938964844,40.84000015258789,39.63999938964844,40.84000015258789
2020/12/1,40.84000015258789,41.529998779296875,40.84000015258789,41.529998779296875
2020/12/2,41.529998779296875,43.91999816894531,41.529998779296875,43.91999816894531
2020/12/3,43.91999816894531,43.91999816894531,42.529998779296875,42.529998779296875
2020/12/4,42.529998779296875,43.88999938964844,42.529998779296875,43.88999938964844
2020/12/7,43.88999938964844,49.66999816894531,43.88999938964844,49.66999816894531
2020/12/8,49.66999816894531,49.66999816894531,49.099998474121094,49.099998474121094
2020/12/9,49.099998474121094,49.099998474121094,48.47999954223633,48.47999954223633
2020/12/10,48.47999954223633,48.47999954223633,47.150001525878906,47.150001525878906
2020/12/11,47.150001525878906,47.52000045776367,47.150001525878906,47.52000045776367
2020/12/14,47.52000045776367,49.220001220703125,47.52000045776367,49.220001220703125
2020/12/15,49.220001220703125,49.220001220703125,48.13999938964844,48.13999938964844
2020/12/16,48.13999938964844,48.13999938964844,46.959999084472656,46.959999084472656
2020/12/17,46.959999084472656,46.959999084472656,44.150001525878906,44.150001525878906
2020/12/18,44.150001525878906,44.63999938964844,44.150001525878906,44.63999938964844
2020/12/21,44.63999938964844,46.65999984741211,44.63999938964844,46.65999984741211
2020/12/22,46.65999984741211,46.65999984741211,43.56999969482422,43.56999969482422
2020/12/23,43.56999969482422,43.56999969482422,42.74000168,42.74000168
2020/12/24,42.74000168,42.74000168,42.11000061035156,42.11000061035156
2020/12/28,42.11000061035156,45.25999832,42.11000061035156,45.25999832
2020/12/29,45.25999832,46.099998474121094,45.25999832,46.099998474121094
2020/12/30,46.099998474121094,47.189998626708984,46.099998474121094,47.189998626708984
2020/12/31,47.189998626708984,48.97999954223633,47.189998626708984,48.97999954223633
2021/1/4,48.97999954223633,49.59000015258789,48.97999954223633,49.59000015258789
2021/1/5,49.59000015258789,49.59000015258789,48.95000076293945,48.95000076293945
2021/1/6,48.95000076293945,48.95000076293945,44.63999938964844,44.63999938964844
2021/1/7,44.63999938964844,45.20000076293945,44.63999938964844,45.20000076293945
2021/1/8,45.20000076293945,45.20000076293945,44.810001373291016,44.810001373291016
2021/1/11,44.810001373291016,47.77000045776367,44.810001373291016,47.77000045776367
2021/1/12,47.77000045776367,50.119998931884766,47.77000045776367,50.119998931884766
2021/1/13,50.119998931884766,50.119998931884766,45.599998474121094,45.599998474121094
2021/1/14,45.599998474121094,46.22999954223633,45.599998474121094,46.22999954223633
2021/1/15,46.22999954223633,46.22999954223633,45.13999938964844,45.13999938964844
2021/1/19,45.13999938964844,45.22999954223633,45.13999938964844,45.22999954223633
2021/1/20,45.22999954223633,45.22999954223633,42.529998779296875,42.529998779296875
2021/1/21,42.529998779296875,43.00999832,42.529998779296875,43.00999832
2021/1/22,43.00999832,43.09000015258789,43.00999832,43.09000015258789
2021/1/25,43.09000015258789,43.09000015258789,43.08000183105469,43.08000183105469
2021/1/26,43.08000183105469,43.13999938964844,43.08000183105469,43.13999938964844
2021/1/27,43.13999938964844,44.15999984741211,43.13999938964844,44.15999984741211
2021/1/28,44.15999984741211,45.529998779296875,44.15999984741211,45.529998779296875
2021/1/29,45.529998779296875,47.40999984741211,45.529998779296875,47.40999984741211
2021/2/1,47.40999984741211,47.40999984741211,46.279998779296875,46.279998779296875
2021/2/2,46.279998779296875,46.279998779296875,45.90999984741211,45.90999984741211
2021/2/3,45.90999984741211,46.93000030517578,45.90999984741211,46.93000030517578
2021/2/4,46.93000030517578,47.25,46.93000030517578,47.25
2021/2/5,47.25,47.25,47.20000076293945,47.20000076293945
2021/2/8,47.20000076293945,48.45000076293945,47.20000076293945,48.45000076293945
2021/2/9,48.45000076293945,48.45000076293945,46.75,46.75
2021/2/10,46.75,46.75,46.27000045776367,46.27000045776367
2021/2/11,46.27000045776367,46.27000045776367,45.95000076293945,45.95000076293945
2021/2/12,45.95000076293945,47.00999832,45.95000076293945,47.00999832
2021/2/16,47.00999832,56.779998779296875,47.00999832,56.779998779296875
2021/2/17,56.779998779296875,56.779998779296875,55.970001220703125,55.970001220703125
2021/2/18,55.970001220703125,56.119998931884766,55.970001220703125,56.119998931884766
2021/2/19,56.119998931884766,60.43000030517578,56.119998931884766,60.43000030517578
2021/2/22,60.43000030517578,62.41999816894531,60.43000030517578,62.41999816894531
2021/2/23,62.41999816894531,62.41999816894531,61.72999954223633,61.72999954223633
2021/2/24,61.72999954223633,61.91999816894531,61.72999954223633,61.91999816894531
2021/2/25,61.91999816894531,74.16000366210938,61.91999816894531,74.16000366210938
2021/2/26,74.16000366210938,75.66000366210938,74.16000366210938,75.66000366210938
2021/3/1,75.66000366210938,75.66000366210938,68.73000336,68.73000336
2021/3/2,68.73000336,68.73000336,57.70000076293945,57.70000076293945
2021/3/3,57.70000076293945,65.83000183105469,57.70000076293945,65.83000183105469
2021/3/4,65.83000183105469,68.12999725341797,65.83000183105469,68.12999725341797
2021/3/5,68.12999725341797,69.37000274658203,68.12999725341797,69.37000274658203
2021/3/8,69.37000274658203,71.65000153,69.37000274658203,71.65000153
2021/3/9,71.65000153,71.65000153,67.44000244140625,67.44000244140625
2021/3/10,67.44000244140625,67.44000244140625,63.189998626708984,63.189998626708984
2021/3/11,63.189998626708984,63.900001525878906,63.189998626708984,63.900001525878906
2021/3/12,63.900001525878906,70.83000183105469,63.900001525878906,70.83000183105469
2021/3/15,70.83000183105469,70.83000183105469,70.79000091552734,70.79000091552734
2021/3/16,70.79000091552734,70.80999755859375,70.79000091552734,70.80999755859375
2021/3/17,70.80999755859375,70.80999755859375,66.75,66.75
2021/3/18,66.75,70.48000336,66.75,70.48000336
2021/3/19,70.48000336,70.48000336,68.80000305175781,68.80000305175781
2021/3/22,68.80000305175781,68.80000305175781,67.62000274658203,67.62000274658203
2021/3/23,67.62000274658203,67.62000274658203,60.77000045776367,60.77000045776367
2021/3/24,60.77000045776367,60.77000045776367,60.709999084472656,60.709999084472656
2021/3/25,60.709999084472656,60.709999084472656,59.540000915527344,59.540000915527344
2021/3/26,59.540000915527344,61.49000168,59.540000915527344,61.49000168
2021/3/29,61.49000168,65.95999908447266,61.49000168,65.95999908447266
2021/3/30,65.95999908447266,67.44000244140625,65.95999908447266,67.44000244140625
2021/3/31,67.44000244140625,71.26999664,67.44000244140625,71.26999664
2021/4/1,71.26999664,71.26999664,64.98999786376953,64.98999786376953
2021/4/5,63.709999084472656,63.709999084472656,61.790000915527344,61.790000915527344
2021/4/6,61.790000915527344,61.790000915527344,60.290000915527344,60.290000915527344
2021/4/7,60.290000915527344,62.540000915527344,60.290000915527344,62.540000915527344
2021/4/8,62.540000915527344,62.540000915527344,60.08000183105469,60.08000183105469
2021/4/9,60.08000183105469,61.209999084472656,60.08000183105469,61.209999084472656
2021/4/12,61.209999084472656,63.5,61.209999084472656,63.5
2021/4/13,63.5,63.5,61.20000076293945,61.20000076293945
2021/4/14,61.20000076293945,61.20000076293945,60.08000183105469,60.08000183105469
2021/4/15,60.08000183105469,60.08000183105469,59.04999923706055,59.04999923706055
2021/4/16,59.04999923706055,62.56999969482422,59.04999923706055,62.56999969482422
2021/4/19,62.56999969482422,63.959999084472656,62.56999969482422,63.959999084472656
2021/4/20,63.959999084472656,64.34999847,63.959999084472656,64.34999847
2021/4/21,64.34999847,64.34999847,62.27000045776367,62.27000045776367
2021/4/22,62.27000045776367,62.27000045776367,59.619998931884766,59.619998931884766
2021/4/23,59.619998931884766,59.97999954223633,59.619998931884766,59.97999954223633
2021/4/26,59.97999954223633,60.97999954223633,59.97999954223633,60.97999954223633
2021/4/27,60.97999954223633,60.97999954223633,60.150001525878906,60.150001525878906
2021/4/28,60.150001525878906,60.310001373291016,60.150001525878906,60.310001373291016
2021/4/29,60.310001373291016,60.310001373291016,59.02000045776367,59.02000045776367
2021/4/30,59.02000045776367,59.02000045776367,58.130001068115234,58.130001068115234
2021/5/3,58.130001068115234,58.130001068115234,57.33000183105469,57.33000183105469
2021/5/4,57.33000183105469,58.50999832,57.33000183105469,58.50999832
2021/5/5,58.50999832,58.50999832,56.93000030517578,56.93000030517578
2021/5/6,56.93000030517578,57.75,56.93000030517578,57.75
2021/5/7,57.75,57.75,54.130001068115234,54.130001068115234
2021/5/10,54.130001068115234,55.47999954223633,54.130001068115234,55.47999954223633
2021/5/11,55.47999954223633,58.00999832,55.47999954223633,58.00999832
2021/5/12,58.00999832,58.470001220703125,58.00999832,58.470001220703125
2021/5/13,58.470001220703125,58.470001220703125,56.59000015258789,56.59000015258789
2021/5/14,56.59000015258789,56.59000015258789,54.99000168,54.99000168
2021/5/17,54.99000168,58.59000015258789,54.99000168,58.59000015258789
2021/5/18,58.59000015258789,58.59000015258789,57.18000030517578,57.18000030517578
2021/5/19,57.18000030517578,57.310001373291016,57.18000030517578,57.310001373291016
2021/5/20,57.310001373291016,57.310001373291016,55.040000915527344,55.040000915527344
2021/5/21,55.040000915527344,55.040000915527344,54.59000015258789,54.59000015258789
2021/5/24,54.59000015258789,54.939998626708984,54.59000015258789,54.939998626708984
2021/5/25,54.939998626708984,54.939998626708984,53.720001220703125,53.720001220703125
2021/5/26,53.720001220703125,53.720001220703125,52.81999969482422,52.81999969482422
2021/5/27,52.81999969482422,53.470001220703125,52.81999969482422,53.470001220703125
2021/5/28,53.470001220703125,53.470001220703125,52.040000915527344,52.040000915527344
2021/6/1,52.040000915527344,54.99000168,52.040000915527344,54.99000168
2021/6/2,54.99000168,55.209999084472656,54.99000168,55.209999084472656
2021/6/3,55.209999084472656,55.209999084472656,53.959999084472656,53.959999084472656
2021/6/4,53.959999084472656,53.959999084472656,49.779998779296875,49.779998779296875
2021/6/7,53.959999084472656,53.959999084472656,49.54999923706055,49.54999923706055
2021/6/8,49.54999923706055,49.93000030517578,49.54999923706055,49.93000030517578
2021/6/9,49.93000030517578,52.84000015258789,49.93000030517578,52.84000015258789
2021/6/10,52.84000015258789,52.84000015258789,48.25999832,48.25999832
2021/6/11,48.25999832,50.849998474121094,48.25999832,50.849998474121094
2021/6/14,48.25999832,54.029998779296875,48.25999832,54.029998779296875
2021/6/15,54.029998779296875,54.029998779296875,52.91999816894531,52.91999816894531
2021/6/16,52.91999816894531,54.279998779296875,52.91999816894531,54.279998779296875
2021/6/17,54.279998779296875,54.90999984741211,54.279998779296875,54.90999984741211
2021/6/18,54.90999984741211,60.45000076293945,54.90999984741211,60.45000076293945
2021/6/21,54.90999984741211,61.86000061035156,54.90999984741211,61.86000061035156
2021/6/22,61.86000061035156,61.86000061035156,58.63999938964844,58.63999938964844
2021/6/23,58.63999938964844,58.63999938964844,55.599998474121094,55.599998474121094
2021/6/24,55.599998474121094,55.599998474121094,54.83000183105469,54.83000183105469
2021/6/25,54.83000183105469,55.58000183105469,54.83000183105469,55.58000183105469
2021/6/28,54.83000183105469,56.33000183105469,54.83000183105469,56.33000183105469
2021/6/29,56.33000183105469,56.79999923706055,56.33000183105469,56.79999923706055
2021/6/30,56.79999923706055,57.27000045776367,56.79999923706055,57.27000045776367
2021/7/1,57.27000045776367,57.52000045776367,57.27000045776367,57.52000045776367
2021/7/2,57.52000045776367,57.52000045776367,52.40999984741211,52.40999984741211
2021/7/6,52.40999984741211,56.54999923706055,52.40999984741211,56.54999923706055
2021/7/7,56.54999923706055,60.650001525878906,56.54999923706055,60.650001525878906
2021/7/8,60.650001525878906,61.68000030517578,60.650001525878906,61.68000030517578
2021/7/9,61.68000030517578,61.68000030517578,59.91999816894531,59.91999816894531
2021/7/12,61.68000030517578,61.68000030517578,60.779998779296875,60.779998779296875
2021/7/13,60.779998779296875,60.79999923706055,60.779998779296875,60.79999923706055
2021/7/14,60.79999923706055,60.79999923706055,57.310001373291016,57.310001373291016
2021/7/15,57.310001373291016,57.310001373291016,56.97999954223633,56.97999954223633
2021/7/16,56.97999954223633,58.24000168,56.97999954223633,58.24000168
2021/7/19,56.97999954223633,67.58000183105469,56.97999954223633,67.58000183105469
2021/7/20,67.58000183105469,69.30999755859375,67.58000183105469,69.30999755859375
2021/7/21,69.30999755859375,69.30999755859375,65.27999877929688,65.27999877929688
2021/7/22,65.27999877929688,65.27999877929688,64.95999908447266,64.95999908447266
2021/7/23,64.95999908447266,65.27999877929688,64.95999908447266,65.27999877929688
2021/7/26,64.95999908447266,69.02999877929688,64.95999908447266,69.02999877929688
2021/7/27,69.02999877929688,70.06999969482422,69.02999877929688,70.06999969482422
2021/7/28,70.06999969482422,70.06999969482422,62.400001525878906,62.400001525878906
2021/7/29,62.400001525878906,62.400001525878906,62.08000183105469,62.08000183105469
2021/7/30,62.08000183105469,62.08000183105469,61.189998626708984,61.189998626708984
2021/8/2,62.08000183105469,64.29000091552734,62.08000183105469,64.29000091552734
2021/8/3,64.29000091552734,65.41999816894531,64.29000091552734,65.41999816894531
2021/8/4,65.41999816894531,65.41999816894531,62.66999816894531,62.66999816894531
2021/8/5,62.66999816894531,63.56999969482422,62.66999816894531,63.56999969482422
2021/8/6,63.56999969482422,63.56999969482422,62.63999938964844,62.63999938964844
2021/8/9,63.56999969482422,65.72000122070312,63.56999969482422,65.72000122070312
2021/8/10,65.72000122070312,66.55000305175781,65.72000122070312,66.55000305175781
2021/8/11,66.55000305175781,66.55000305175781,60.65999984741211,60.65999984741211
2021/8/12,60.65999984741211,60.65999984741211,57.38999938964844,57.38999938964844
2021/8/13,57.38999938964844,57.38999938964844,55.45000076293945,55.45000076293945
2021/8/16,55.45000076293945,59.400001525878906,55.45000076293945,59.400001525878906
2021/8/17,59.400001525878906,60.279998779296875,59.400001525878906,60.279998779296875
2021/8/18,60.279998779296875,60.279998779296875,58.04999923706055,58.04999923706055
2021/8/19,58.04999923706055,59.380001068115234,58.04999923706055,59.380001068115234
2021/8/20,59.380001068115234,59.95000076293945,59.380001068115234,59.95000076293945
2021/8/23,59.380001068115234,62.22999954223633,59.380001068115234,62.22999954223633
2021/8/24,62.22999954223633,63.029998779296875,62.22999954223633,63.029998779296875
2021/8/25,63.029998779296875,64.51000213623047,63.029998779296875,64.51000213623047
2021/8/26,64.51000213623047,64.51000213623047,63.40999984741211,63.40999984741211
2021/8/27,63.40999984741211,63.40999984741211,57.97999954223633,57.97999954223633
2021/8/30,63.40999984741211,63.40999984741211,60.13999938964844,60.13999938964844
2021/8/31,60.13999938964844,60.13999938964844,59.540000915527344,59.540000915527344
2021/9/1,59.540000915527344,59.540000915527344,58.09000015258789,58.09000015258789
2021/9/2,58.09000015258789,58.09000015258789,55.79999923706055,55.79999923706055
2021/9/3,55.79999923706055,55.79999923706055,53.25999832,53.25999832
2021/9/7,53.25999832,57.04999923706055,53.25999832,57.04999923706055
2021/9/8,57.04999923706055,57.04999923706055,57.02000045776367,57.02000045776367
2021/9/9,57.02000045776367,57.02000045776367,52.61000061035156,52.61000061035156
2021/9/10,52.61000061035156,52.61000061035156,51.72999954223633,51.72999954223633
2021/9/13,52.61000061035156,53.099998474121094,52.61000061035156,53.099998474121094
2021/9/14,53.099998474121094,53.099998474121094,51.72999954223633,51.72999954223633
2021/9/15,51.72999954223633,53.93000030517578,51.72999954223633,53.93000030517578
2021/9/16,53.93000030517578,53.93000030517578,53.70000076293945,53.70000076293945
2021/9/17,53.70000076293945,56.060001373291016,53.70000076293945,56.060001373291016
2021/9/20,56.060001373291016,59.58000183105469,56.060001373291016,59.58000183105469
2021/9/21,59.58000183105469,59.58000183105469,59.20000076293945,59.20000076293945
2021/9/22,59.20000076293945,59.20000076293945,55.91999816894531,55.91999816894531
2021/9/23,55.91999816894531,56.790000915527344,55.91999816894531,56.790000915527344
2021/9/24,56.790000915527344,58.459999084472656,56.790000915527344,58.459999084472656
2021/9/27,56.790000915527344,60.5,56.790000915527344,60.5
2021/9/28,60.5,62.709999084472656,60.5,62.709999084472656
2021/9/29,62.709999084472656,62.709999084472656,61.209999084472656,61.209999084472656
2021/9/30,61.209999084472656,61.209999084472656,61.06999969482422,61.06999969482422
2021/10/1,61.06999969482422,61.06999969482422,57.380001068115234,57.380001068115234
2021/10/4,61.06999969482422,61.06999969482422,60.61000061035156,60.61000061035156
2021/10/5,60.61000061035156,62.83000183105469,60.61000061035156,62.83000183105469
2021/10/6,62.83000183105469,62.83000183105469,60.650001525878906,60.650001525878906
2021/10/7,60.650001525878906,60.90999984741211,60.650001525878906,60.90999984741211
2021/10/8,60.90999984741211,60.90999984741211,59.650001525878906,59.650001525878906
2021/10/12,59.650001525878906,62.95000076293945,59.650001525878906,62.95000076293945
2021/10/13,62.95000076293945,62.95000076293945,60.84000015258789,60.84000015258789
2021/10/14,60.84000015258789,60.84000015258789,59.349998474121094,59.349998474121094
2021/10/15,59.349998474121094,62.70000076293945,59.349998474121094,62.70000076293945
2021/10/18,59.349998474121094,70.76999664,59.349998474121094,70.76999664
2021/10/19,70.76999664,70.76999664,68.25,68.25
2021/10/20,68.25,68.25,65.47000122070312,65.47000122070312
2021/10/21,65.47000122070312,69.41999816894531,65.47000122070312,69.41999816894531
2021/10/22,69.41999816894531,72.04000091552734,69.41999816894531,72.04000091552734
2021/10/25,69.41999816894531,69.41999816894531,68.95999908447266,68.95999908447266
2021/10/26,68.95999908447266,68.95999908447266,66.69999694824219,66.69999694824219
2021/10/27,66.69999694824219,70.05999755859375,66.69999694824219,70.05999755859375
2021/10/28,70.05999755859375,71.95999908447266,70.05999755859375,71.95999908447266
2021/10/29,71.95999908447266,75.44999694824219,71.95999908447266,75.44999694824219
2021/11/1,71.95999908447266,78.33999633789062,71.95999908447266,78.33999633789062
2021/11/2,78.33999633789062,78.33999633789062,71.04000091552734,71.04000091552734
2021/11/3,71.04000091552734,71.22000122070312,71.04000091552734,71.22000122070312
2021/11/4,71.22000122070312,71.22000122070312,64.61000061035156,64.61000061035156
2021/11/5,64.61000061035156,66.90000153,64.61000061035156,66.90000153
2021/11/8,64.61000061035156,70.97000122070312,64.61000061035156,70.97000122070312
2021/11/9,70.97000122070312,73.01999664,70.97000122070312,73.01999664
2021/11/10,73.01999664,78.30999755859375,73.01999664,78.30999755859375
2021/11/12,78.30999755859375,78.61000061035156,78.30999755859375,78.61000061035156
2021/11/15,78.30999755859375,81.58999633789062,78.30999755859375,81.58999633789062
2021/11/16,81.58999633789062,81.58999633789062,81.58000183105469,81.58000183105469
2021/11/17,81.58000183105469,81.58000183105469,81.58000183105469,81.58000183105469
2021/11/18,81.58000183105469,81.58000183105469,74.51000213623047,74.51000213623047
2021/11/19,74.51000213623047,74.51000213623047,73.38999938964844,73.38999938964844
2021/11/22,74.51000213623047,79.20999908447266,74.51000213623047,79.20999908447266
2021/11/23,79.20999908447266,80.56999969482422,79.20999908447266,80.56999969482422
2021/11/24,80.56999969482422,83.15000153,80.56999969482422,83.15000153
2021/11/26,83.15000153,89.44999694824219,83.15000153,89.44999694824219
2021/11/29,83.15000153,89.41000366210938,83.15000153,89.41000366210938
2021/11/30,89.41000366210938,89.41000366210938,84.04000091552734,84.04000091552734
2021/12/1,84.04000091552734,84.04000091552734,82.97000122070312,82.97000122070312
2021/12/2,82.97000122070312,82.97000122070312,82.55000305175781,82.55000305175781
2021/12/3,82.55000305175781,82.55000305175781,79.13999938964844,79.13999938964844
2021/12/6,82.55000305175781,87.88999938964844,82.55000305175781,87.88999938964844
2021/12/7,87.88999938964844,88.13999938964844,87.88999938964844,88.13999938964844
2021/12/8,88.13999938964844,88.13999938964844,80.29000091552734,80.29000091552734
2021/12/9,80.29000091552734,80.29000091552734,79.54000091552734,79.54000091552734
2021/12/10,79.54000091552734,79.54000091552734,74.36000061035156,74.36000061035156
2021/12/13,79.54000091552734,79.54000091552734,76.41000366210938,76.41000366210938
2021/12/14,76.41000366210938,78.98000336,76.41000366210938,78.98000336
2021/12/15,78.98000336,78.98000336,74.05999755859375,74.05999755859375
2021/12/16,74.05999755859375,74.05999755859375,69.09999847,69.09999847
2021/12/17,69.09999847,72.45999908447266,69.09999847,72.45999908447266
2021/12/20,69.09999847,77.01999664,69.09999847,77.01999664
2021/12/21,77.01999664,79.51999664,77.01999664,79.51999664
2021/12/22,79.51999664,79.51999664,76.84999847,76.84999847
2021/12/23,76.84999847,77.29000091552734,76.84999847,77.29000091552734
2021/12/27,77.29000091552734,80.12000274658203,77.29000091552734,80.12000274658203
2021/12/28,80.12000274658203,80.12000274658203,77.51999664,77.51999664
2021/12/29,77.51999664,78,77.51999664,78
2021/12/30,78,78,77.62000274658203,77.62000274658203
2021/12/31,77.62000274658203,77.62000274658203,77.09999847,77.09999847
2022/1/3,77.62000274658203,84.08000183105469,77.62000274658203,84.08000183105469
2022/1/4,84.08000183105469,84.08000183105469,83.11000061035156,83.11000061035156
2022/1/5,83.11000061035156,83.11000061035156,78.68000030517578,78.68000030517578
2022/1/6,78.68000030517578,78.68000030517578,77.73000336,77.73000336
2022/1/7,77.73000336,77.73000336,74.69000244140625,74.69000244140625
2022/1/10,77.73000336,78.12000274658203,77.73000336,78.12000274658203
2022/1/11,78.12000274658203,78.12000274658203,77.84999847,77.84999847
2022/1/12,77.84999847,77.84999847,74.55000305175781,74.55000305175781
2022/1/13,74.55000305175781,74.55000305175781,72.56999969482422,72.56999969482422
2022/1/14,72.56999969482422,76.58999633789062,72.56999969482422,76.58999633789062
2022/1/18,76.58999633789062,84.62999725341797,76.58999633789062,84.62999725341797
2022/1/19,84.62999725341797,84.62999725341797,80.13999938964844,80.13999938964844
2022/1/20,80.13999938964844,80.95999908447266,80.13999938964844,80.95999908447266
2022/1/21,80.95999908447266,81.02999877929688,80.95999908447266,81.02999877929688
2022/1/24,80.95999908447266,83.76999664,80.95999908447266,83.76999664
2022/1/25,83.76999664,84.56999969482422,83.76999664,84.56999969482422
2022/1/26,84.56999969482422,85.75,84.56999969482422,85.75
2022/1/27,85.75,85.75,85.62000274658203,85.62000274658203
2022/1/28,85.62000274658203,85.62000274658203,85.29000091552734,85.29000091552734
2022/1/31,85.62000274658203,85.62000274658203,85.13999938964844,85.13999938964844
2022/2/1,85.13999938964844,85.22000122070312,85.13999938964844,85.22000122070312
2022/2/2,85.22000122070312,85.22000122070312,84.84999847,84.84999847
2022/2/3,84.84999847,85.73999786376953,84.84999847,85.73999786376953
2022/2/4,85.73999786376953,87.68000030517578,85.73999786376953,87.68000030517578
2022/2/7,85.73999786376953,87.44000244140625,85.73999786376953,87.44000244140625
2022/2/8,87.44000244140625,87.44000244140625,82.72000122070312,82.72000122070312
2022/2/9,82.72000122070312,82.72000122070312,81.76000213623047,81.76000213623047
2022/2/10,81.76000213623047,88.51999664,81.76000213623047,88.51999664
2022/2/11,88.51999664,94.02999877929688,88.51999664,94.02999877929688
2022/2/14,88.51999664,102.27999877929688,88.51999664,102.27999877929688
2022/2/15,102.27999877929688,102.27999877929688,94,94
2022/2/16,94,94,92.73999786376953,92.73999786376953
2022/2/17,92.73999786376953,96.16999816894531,92.73999786376953,96.16999816894531
2022/2/18,96.16999816894531,96.16999816894531,94.36000061035156,94.36000061035156
2022/2/22,94.36000061035156,95.54000091552734,94.36000061035156,95.54000091552734
2022/2/23,95.54000091552734,95.54000091552734,95.15000153,95.15000153
2022/2/24,95.15000153,100.75,95.15000153,100.75
2022/2/25,100.75,100.75,93.33999633789062,93.33999633789062
2022/2/28,100.75,100.75,100.4000015258789,100.4000015258789
2022/3/1,100.4000015258789,118.26000213623047,100.4000015258789,118.26000213623047
2022/3/2,118.26000213623047,118.26000213623047,110.27999877929688,110.27999877929688
2022/3/3,110.27999877929688,115.18000030517578,110.27999877929688,115.18000030517578
2022/3/4,115.18000030517578,131.82000732421875,115.18000030517578,131.82000732421875
2022/3/7,115.18000030517578,140.02999877929688,115.18000030517578,140.02999877929688
2022/3/8,140.02999877929688,140.02999877929688,133.3699951171875,133.3699951171875
2022/3/9,133.3699951171875,133.3699951171875,110.9000015258789,110.9000015258789
2022/3/10,110.9000015258789,110.9000015258789,105.30999755859375,105.30999755859375
2022/3/11,105.30999755859375,105.30999755859375,99.02999877929688,99.02999877929688
2022/3/14,99.02999877929688,105.08000183105469,99.02999877929688,105.08000183105469
2022/3/15,105.08000183105469,105.08000183105469,101.02999877929688,101.02999877929688
2022/3/16,101.02999877929688,101.02999877929688,100.56999969482422,100.56999969482422
2022/3/17,100.56999969482422,100.56999969482422,91.76000213623047,91.76000213623047
2022/3/18,91.76000213623047,91.76999664,91.76000213623047,91.76999664
2022/3/21,91.76000213623047,101.94000244140625,91.76000213623047,101.94000244140625
2022/3/22,101.94000244140625,105.37999725341797,101.94000244140625,105.37999725341797
2022/3/23,105.37999725341797,105.72000122070312,105.37999725341797,105.72000122070312
2022/3/24,105.72000122070312,113.13999938964844,105.72000122070312,113.13999938964844
2022/3/25,113.13999938964844,125.2699966430664,113.13999938964844,125.2699966430664
2022/3/28,113.13999938964844,129.27999877929688,113.13999938964844,129.27999877929688
2022/3/29,129.27999877929688,129.27999877929688,117.91999816894531,117.91999816894531
2022/3/30,117.91999816894531,117.91999816894531,112.9800033569336,112.9800033569336
2022/3/31,112.9800033569336,112.9800033569336,106.87999725341797,106.87999725341797
2022/4/1,106.87999725341797,108.33999633789062,106.87999725341797,108.33999633789062
2022/4/4,106.87999725341797,108.37000274658203,106.87999725341797,108.37000274658203
2022/4/5,108.37000274658203,116.37000274658203,108.37000274658203,116.37000274658203
2022/4/6,116.37000274658203,123.91999816894531,116.37000274658203,123.91999816894531
2022/4/7,123.91999816894531,123.91999816894531,122.66999816894531,122.66999816894531
2022/4/8,122.66999816894531,124.86000061035156,122.66999816894531,124.86000061035156
2022/4/11,122.66999816894531,129.8699951171875,122.66999816894531,129.8699951171875
2022/4/12,129.8699951171875,129.8699951171875,117.79000091552734,117.79000091552734
2022/4/13,117.79000091552734,117.79000091552734,116.33000183105469,116.33000183105469
2022/4/14,116.33000183105469,119.66000366210938,116.33000183105469,119.66000366210938
2022/4/18,119.66000366210938,122.31999969482422,119.66000366210938,122.31999969482422
2022/4/19,122.31999969482422,122.73999786376953,122.31999969482422,122.73999786376953
2022/4/20,122.73999786376953,125.12000274658203,122.73999786376953,125.12000274658203
2022/4/21,125.12000274658203,130.69000244140625,125.12000274658203,130.69000244140625
2022/4/22,130.69000244140625,130.69000244140625,128.1199951171875,128.1199951171875
2022/4/25,130.69000244140625,131.6300048828125,130.69000244140625,131.6300048828125
2022/4/26,131.6300048828125,131.6300048828125,129.27000427246094,129.27000427246094
2022/4/27,129.27000427246094,130.11000061035156,129.27000427246094,130.11000061035156
2022/4/28,130.11000061035156,130.11000061035156,128.74000549316406,128.74000549316406
2022/4/29,128.74000549316406,128.74000549316406,128.39999389648438,128.39999389648438
2022/5/2,128.74000549316406,135.1699981689453,128.74000549316406,135.1699981689453
2022/5/3,135.1699981689453,135.1699981689453,126.45999908447266,126.45999908447266
2022/5/4,126.45999908447266,126.45999908447266,121.98999786376953,121.98999786376953
2022/5/5,121.98999786376953,122.72000122070312,121.98999786376953,122.72000122070312
2022/5/6,122.72000122070312,122.72000122070312,121.41999816894531,121.41999816894531
2022/5/9,122.72000122070312,125.22000122070312,122.72000122070312,125.22000122070312
2022/5/10,125.22000122070312,126.76000213623047,125.22000122070312,126.76000213623047
2022/5/11,126.76000213623047,126.76000213623047,118.05000305175781,118.05000305175781
2022/5/12,118.05000305175781,118.7300033569336,118.05000305175781,118.7300033569336
2022/5/13,118.7300033569336,118.7300033569336,114.61000061035156,114.61000061035156
2022/5/16,118.7300033569336,118.7300033569336,117.94999694824219,117.94999694824219
2022/5/17,117.94999694824219,119.45999908447266,117.94999694824219,119.45999908447266
2022/5/18,119.45999908447266,119.45999908447266,114.86000061035156,114.86000061035156
2022/5/19,114.86000061035156,115.05000305175781,114.86000061035156,115.05000305175781
2022/5/20,115.05000305175781,115.05000305175781,111.0999984741211,111.0999984741211
2022/5/23,115.05000305175781,115.05000305175781,110.19000244140625,110.19000244140625
2022/5/24,110.19000244140625,111.1500015258789,110.19000244140625,111.1500015258789
2022/5/25,111.1500015258789,111.1500015258789,105.69000244140625,105.69000244140625
2022/5/26,105.69000244140625,105.69000244140625,102.48999786376953,102.48999786376953
2022/5/27,102.48999786376953,102.48999786376953,98.48000336,98.48000336
2022/5/31,98.48000336,107.12000274658203,98.48000336,107.12000274658203
2022/6/1,107.12000274658203,109.37999725341797,107.12000274658203,109.37999725341797
2022/6/2,109.37999725341797,109.37999725341797,99.26999664,99.26999664
2022/6/3,99.26999664,99.26999664,97.73000336,97.73000336
2022/6/6,99.26999664,102.26000213623047,99.26999664,102.26000213623047
2022/6/7,102.26000213623047,102.61000061035156,102.26000213623047,102.61000061035156
2022/6/8,102.61000061035156,105.29000091552734,102.61000061035156,105.29000091552734
2022/6/9,105.29000091552734,105.29000091552734,105.29000091552734,105.29000091552734
2022/6/10,105.29000091552734,114.2300033569336,105.29000091552734,114.2300033569336
2022/6/13,114.2300033569336,139.2100067138672,114.2300033569336,139.2100067138672
2022/6/14,139.2100067138672,144.08999633789062,139.2100067138672,144.08999633789062
2022/6/15,144.08999633789062,144.08999633789062,135.92999267578125,135.92999267578125
2022/6/16,135.92999267578125,138.10000610351562,135.92999267578125,138.10000610351562
2022/6/17,138.10000610351562,138.10000610351562,133.75,133.75
2022/6/21,133.75,138.91000366210938,133.75,138.91000366210938
2022/6/22,138.91000366210938,138.91000366210938,129.94000244140625,129.94000244140625
2022/6/23,129.94000244140625,129.94000244140625,125.9800033569336,125.9800033569336
2022/6/24,125.9800033569336,127,125.9800033569336,127
2022/6/27,125.9800033569336,133.22000122070312,125.9800033569336,133.22000122070312
2022/6/28,133.22000122070312,135.22000122070312,133.22000122070312,135.22000122070312
2022/6/29,135.22000122070312,135.22000122070312,130.42999267578125,130.42999267578125
2022/6/30,130.42999267578125,135.5,130.42999267578125,135.5
2022/7/1,135.5,144.1699981689453,135.5,144.1699981689453
2022/7/5,144.1699981689453,156.16000366210938,144.1699981689453,156.16000366210938
2022/7/6,156.16000366210938,156.16000366210938,151.13999938964844,151.13999938964844
2022/7/7,151.13999938964844,151.13999938964844,149.7100067138672,149.7100067138672
2022/7/8,149.7100067138672,149.7100067138672,145.25,145.25
2022/7/11,149.7100067138672,149.7100067138672,147.72000122070312,147.72000122070312
2022/7/12,147.72000122070312,148.11000061035156,147.72000122070312,148.11000061035156
2022/7/13,148.11000061035156,148.11000061035156,136.10000610351562,136.10000610351562
2022/7/14,136.10000610351562,137.75999450683594,136.10000610351562,137.75999450683594
2022/7/15,137.75999450683594,137.75999450683594,129.85000610351562,129.85000610351562
2022/7/18,137.75999450683594,137.75999450683594,127.69000244140625,127.69000244140625
2022/7/19,127.69000244140625,127.69000244140625,124.69999694824219,124.69999694824219
2022/7/20,124.69999694824219,124.69999694824219,122.9000015258789,122.9000015258789
2022/7/21,122.9000015258789,122.9000015258789,121.1500015258789,121.1500015258789
2022/7/22,121.1500015258789,123.69999694824219,121.1500015258789,123.69999694824219
2022/7/25,121.1500015258789,128.27000427246094,121.1500015258789,128.27000427246094
2022/7/26,128.27000427246094,128.5500030517578,128.27000427246094,128.5500030517578
2022/7/27,128.5500030517578,128.5500030517578,117.27999877929688,117.27999877929688
2022/7/28,117.27999877929688,119.93000030517578,117.27999877929688,119.93000030517578
2022/7/29,119.93000030517578,119.93000030517578,116.36000061035156,116.36000061035156
2022/8/1,119.93000030517578,120.5,119.93000030517578,120.5
2022/8/2,120.5,129.22999572753906,120.5,129.22999572753906
2022/8/3,129.22999572753906,129.22999572753906,122.04000091552734,122.04000091552734
2022/8/4,122.04000091552734,122.04000091552734,120.56999969482422,120.56999969482422
2022/8/5,120.56999969482422,122.58000183105469,120.56999969482422,122.58000183105469
2022/8/8,120.56999969482422,124.12000274658203,120.56999969482422,124.12000274658203
2022/8/9,124.12000274658203,125.12000274658203,124.12000274658203,125.12000274658203
2022/8/10,125.12000274658203,125.12000274658203,115.26000213623047,115.26000213623047
2022/8/11,115.26000213623047,115.26000213623047,111.11000061035156,111.11000061035156
2022/8/12,111.11000061035156,111.11000061035156,106.27999877929688,106.27999877929688
2022/8/15,111.11000061035156,113.81999969482422,111.11000061035156,113.81999969482422
2022/8/16,113.81999969482422,116.83000183105469,113.81999969482422,116.83000183105469
2022/8/17,116.83000183105469,117.69999694824219,116.83000183105469,117.69999694824219
2022/8/18,117.69999694824219,120.26000213623047,117.69999694824219,120.26000213623047
2022/8/19,120.26000213623047,123.80999755859375,120.26000213623047,123.80999755859375
2022/8/22,120.26000213623047,135.88999938964844,120.26000213623047,135.88999938964844
2022/8/23,135.88999938964844,135.88999938964844,133.85000610351562,133.85000610351562
2022/8/24,133.85000610351562,133.85000610351562,133.1300048828125,133.1300048828125
2022/8/25,133.1300048828125,133.1300048828125,126.33000183105469,126.33000183105469
2022/8/26,126.33000183105469,126.33000183105469,122.94999694824219,122.94999694824219
2022/8/29,126.33000183105469,130.13999938964844,126.33000183105469,130.13999938964844
2022/8/30,130.13999938964844,130.13999938964844,127.69000244140625,127.69000244140625
2022/8/31,127.69000244140625,127.69000244140625,124.83999633789062,124.83999633789062
2022/9/1,124.83999633789062,126.58000183105469,124.83999633789062,126.58000183105469
2022/9/2,126.58000183105469,126.58000183105469,120.72000122070312,120.72000122070312
2022/9/6,120.72000122070312,133.5399932861328,120.72000122070312,133.5399932861328
2022/9/7,133.5399932861328,133.5399932861328,133.1199951171875,133.1199951171875
2022/9/8,133.1199951171875,133.1199951171875,124.13999938964844,124.13999938964844
2022/9/9,124.13999938964844,124.13999938964844,121.54000091552734,121.54000091552734
2022/9/12,124.13999938964844,124.13999938964844,123.06999969482422,123.06999969482422
2022/9/13,123.06999969482422,128.8699951171875,123.06999969482422,128.8699951171875
2022/9/14,128.8699951171875,128.8699951171875,125.3499984741211,125.3499984741211
2022/9/15,125.3499984741211,125.3499984741211,124.06999969482422,124.06999969482422
2022/9/16,124.06999969482422,124.94999694824219,124.06999969482422,124.94999694824219
2022/9/19,124.06999969482422,133.7899932861328,124.06999969482422,133.7899932861328
2022/9/20,133.7899932861328,134.66000366210938,133.7899932861328,134.66000366210938
2022/9/21,134.66000366210938,134.66000366210938,130.5399932861328,130.5399932861328
2022/9/22,130.5399932861328,131.92999267578125,130.5399932861328,131.92999267578125
2022/9/23,131.92999267578125,137.27999877929688,131.92999267578125,137.27999877929688
2022/9/26,131.92999267578125,153.61000061035156,131.92999267578125,153.61000061035156
2022/9/27,153.61000061035156,158.1199951171875,153.61000061035156,158.1199951171875
2022/9/28,158.1199951171875,158.99000549316406,158.1199951171875,158.99000549316406
2022/9/29,158.99000549316406,158.99000549316406,148.13999938964844,148.13999938964844
2022/9/30,148.13999938964844,148.13999938964844,141.88999938964844,141.88999938964844
2022/10/3,148.13999938964844,152.94000244140625,148.13999938964844,152.94000244140625
2022/10/4,152.94000244140625,152.94000244140625,151.2100067138672,151.2100067138672
2022/10/5,151.2100067138672,152.00999450683594,151.2100067138672,152.00999450683594
2022/10/6,152.00999450683594,153.2899932861328,152.00999450683594,153.2899932861328
2022/10/7,153.2899932861328,153.2899932861328,148.4600067138672,148.4600067138672
2022/10/11,148.4600067138672,155.57000732421875,148.4600067138672,155.57000732421875
2022/10/12,155.57000732421875,160.72000122070312,155.57000732421875,160.72000122070312
2022/10/13,160.72000122070312,160.72000122070312,155.0800018310547,155.0800018310547
2022/10/14,155.0800018310547,155.0800018310547,152.88999938964844,152.88999938964844
2022/10/17,155.0800018310547,155.0800018310547,150.4199981689453,150.4199981689453
2022/10/18,150.4199981689453,150.4199981689453,145.7899932861328,145.7899932861328
2022/10/19,145.7899932861328,147.72999572753906,145.7899932861328,147.72999572753906
2022/10/20,147.72999572753906,155.61000061035156,147.72999572753906,155.61000061035156
2022/10/21,155.61000061035156,156.9499969482422,155.61000061035156,156.9499969482422
2022/10/24,155.61000061035156,155.61000061035156,154.02000427246094,154.02000427246094
2022/10/25,154.02000427246094,154.02000427246094,147.77999877929688,147.77999877929688
2022/10/26,147.77999877929688,147.77999877929688,140.1999969482422,140.1999969482422
2022/10/27,140.1999969482422,142.77999877929688,140.1999969482422,142.77999877929688
2022/10/28,142.77999877929688,144.60000610351562,142.77999877929688,144.60000610351562
2022/10/31,142.77999877929688,147.9199981689453,142.77999877929688,147.9199981689453
2022/11/1,147.9199981689453,148.4199981689453,147.9199981689453,148.4199981689453
2022/11/2,148.4199981689453,148.4199981689453,141.1699981689453,141.1699981689453
2022/11/3,141.1699981689453,141.1699981689453,136.27999877929688,136.27999877929688
2022/11/4,136.27999877929688,136.27999877929688,128.44000244140625,128.44000244140625
2022/11/7,136.27999877929688,136.27999877929688,128.3300018310547,128.3300018310547
2022/11/8,128.3300018310547,128.3300018310547,126.33000183105469,126.33000183105469
2022/11/9,126.33000183105469,126.33000183105469,124.4000015258789,124.4000015258789
2022/11/10,124.4000015258789,124.4000015258789,111.69000244140625,111.69000244140625
2022/11/14,119.98999786376953,119.98999786376953,119.98999786376953,119.98999786376953
2022/11/15,128.6199951171875,128.6199951171875,128.6199951171875,128.6199951171875
2022/11/16,128.6199951171875,130.8300018310547,128.6199951171875,130.8300018310547
2022/11/17,132.17999267578125,132.17999267578125,132.17999267578125,132.17999267578125
2022/11/18,129.3300018310547,129.3300018310547,129.3300018310547,129.3300018310547
2022/11/21,129.3300018310547,132.1300048828125,129.3300018310547,132.1300048828125
2022/11/22,132.1300048828125,133.52999877929688,132.1300048828125,133.52999877929688
2022/11/23,133.52999877929688,136.1999969482422,133.52999877929688,136.1999969482422
2022/11/25,136.1999969482422,136.1999969482422,129.60000610351562,129.60000610351562
2022/11/28,129.60000610351562,131.72999572753906,129.60000610351562,131.72999572753906
2022/11/29,131.72999572753906,131.72999572753906,131.22999572753906,131.22999572753906
2022/11/30,131.22999572753906,131.22999572753906,127.2699966430664,127.2699966430664
2022/12/1,127.2699966430664,127.2699966430664,119.7699966430664,119.7699966430664
2022/12/2,119.7699966430664,119.7699966430664,118.62000274658203,118.62000274658203
2022/12/5,118.62000274658203,126.5,118.62000274658203,126.5
2022/12/6,126.5,129.08999633789062,126.5,129.08999633789062
2022/12/7,129.08999633789062,131.10000610351562,129.08999633789062,131.10000610351562
2022/12/8,131.10000610351562,131.10000610351562,129.5399932861328,129.5399932861328
2022/12/9,129.5399932861328,132.7899932861328,129.5399932861328,132.7899932861328
2022/12/12,132.7899932861328,141.92999267578125,132.7899932861328,141.92999267578125
2022/12/13,141.92999267578125,141.92999267578125,135.0800018310547,135.0800018310547
2022/12/14,135.0800018310547,135.0800018310547,120.26000213623047,120.26000213623047
2022/12/15,120.26000213623047,120.26000213623047,111.26000213623047,111.26000213623047
2022/12/16,111.26000213623047,113.6500015258789,111.26000213623047,113.6500015258789
2022/12/19,113.6500015258789,118.31999969482422,113.6500015258789,118.31999969482422
2022/12/20,118.31999969482422,119.91999816894531,118.31999969482422,119.91999816894531
2022/12/21,119.91999816894531,119.91999816894531,115,115
2022/12/22,115,115,112.05000305175781,112.05000305175781
2022/12/23,112.05000305175781,113.16999816894531,112.05000305175781,113.16999816894531
2022/12/27,113.16999816894531,124.88999938964844,113.16999816894531,124.88999938964844
2022/12/28,124.88999938964844,124.88999938964844,120.06999969482422,120.06999969482422
2022/12/29,120.06999969482422,120.25,120.06999969482422,120.25
2022/12/30,120.25,121.61000061035156,120.25,121.61000061035156
2023/1/3,121.61000061035156,129.97000122070312,121.61000061035156,129.97000122070312
2023/1/4,129.97000122070312,129.97000122070312,125.77999877929688,125.77999877929688
2023/1/5,125.77999877929688,125.77999877929688,119.52999877929688,119.52999877929688
2023/1/6,119.52999877929688,119.52999877929688,113.87000274658203,113.87000274658203
2023/1/9,113.87000274658203,116.66999816894531,113.87000274658203,116.66999816894531
2023/1/10,116.66999816894531,119.5199966430664,116.66999816894531,119.5199966430664
2023/1/11,119.5199966430664,119.5199966430664,115.16999816894531,115.16999816894531
2023/1/12,115.16999816894531,115.16999816894531,112.33999633789062,112.33999633789062
2023/1/13,112.33999633789062,113.55000305175781,112.33999633789062,113.55000305175781
2023/1/17,113.55000305175781,122.2699966430664,113.55000305175781,122.2699966430664
2023/1/18,122.2699966430664,122.2699966430664,112.61000061035156,112.61000061035156
2023/1/19,112.61000061035156,114.52999877929688,112.61000061035156,114.52999877929688
2023/1/20,114.52999877929688,114.76000213623047,114.52999877929688,114.76000213623047
2023/1/23,114.76000213623047,114.76000213623047,114.69000244140625,114.69000244140625
2023/1/24,114.69000244140625,114.69000244140625,112.76000213623047,112.76000213623047
2023/1/25,112.76000213623047,112.76000213623047,107.73999786376953,107.73999786376953
2023/1/26,107.73999786376953,107.73999786376953,104.27999877929688,104.27999877929688
2023/1/27,104.27999877929688,104.27999877929688,100.69999694824219,100.69999694824219
2023/1/30,100.69999694824219,103.7699966430664,100.69999694824219,103.7699966430664
2023/1/31,103.7699966430664,103.7699966430664,99.54000091552734,99.54000091552734
2023/2/1,99.54000091552734,99.54000091552734,97.33000183105469,97.33000183105469
2023/2/2,97.33000183105469,97.76000213623047,97.33000183105469,97.76000213623047
2023/2/3,97.76000213623047,98.98999786376953,97.76000213623047,98.98999786376953
2023/2/6,98.98999786376953,105.62999725341797,98.98999786376953,105.62999725341797
2023/2/7,105.62999725341797,105.62999725341797,103.1500015258789,103.1500015258789
2023/2/8,103.1500015258789,103.1500015258789,100.75,100.75
2023/2/9,100.75,102.44999694824219,100.75,102.44999694824219
2023/2/10,102.44999694824219,109.62999725341797,102.44999694824219,109.62999725341797
2023/2/13,109.62999725341797,110.66999816894531,109.62999725341797,110.66999816894531
2023/2/14,110.66999816894531,110.66999816894531,110.58999633789062,110.58999633789062
2023/2/15,110.58999633789062,110.58999633789062,108.63999938964844,108.63999938964844
2023/2/16,108.63999938964844,111.01000213623047,108.63999938964844,111.01000213623047
2023/2/17,111.01000213623047,111.01000213623047,110.11000061035156,110.11000061035156
2023/2/21,110.11000061035156,119.62000274658203,110.11000061035156,119.62000274658203
2023/2/22,119.62000274658203,119.62000274658203,118.20999908447266,118.20999908447266
2023/2/23,118.20999908447266,118.20999908447266,117.44999694824219,117.44999694824219
2023/2/24,117.44999694824219,122.83999633789062,117.44999694824219,122.83999633789062
2023/2/27,122.83999633789062,122.83999633789062,120.02999877929688,120.02999877929688
2023/2/28,120.02999877929688,123.5999984741211,120.02999877929688,123.5999984741211
2023/3/1,123.5999984741211,123.5999984741211,121.08000183105469,121.08000183105469
2023/3/2,121.08000183105469,124.12000274658203,121.08000183105469,124.12000274658203
2023/3/3,124.12000274658203,124.12000274658203,122.5199966430664,122.5199966430664
2023/3/6,122.5199966430664,128.19000244140625,122.5199966430664,128.19000244140625
2023/3/7,128.19000244140625,133.3300018310547,128.19000244140625,133.3300018310547
2023/3/8,133.3300018310547,133.3300018310547,129.75999450683594,129.75999450683594
2023/3/9,129.75999450683594,129.75999450683594,129.27999877929688,129.27999877929688
2023/3/10,129.27999877929688,140.05999755859375,129.27999877929688,140.05999755859375
2023/3/13,140.05999755859375,173.58999633789062,140.05999755859375,173.58999633789062
2023/3/14,173.58999633789062,173.58999633789062,169.64999389648438,169.64999389648438
2023/3/15,169.64999389648438,169.64999389648438,169.64999389648438,169.64999389648438
2023/3/16,198.7100067138672,198.7100067138672,167.9600067138672,167.9600067138672
2023/3/17,167.9600067138672,180.11000061035156,167.9600067138672,180.11000061035156
2023/3/20,180.11000061035156,182.63999938964844,180.11000061035156,182.63999938964844
2023/3/21,182.63999938964844,182.63999938964844,162.30999755859375,162.30999755859375
2023/3/22,162.30999755859375,162.30999755859375,142.83999633789062,142.83999633789062
2023/3/23,142.83999633789062,151.39999389648438,142.83999633789062,151.39999389648438
2023/3/24,151.39999389648438,173.66000366210938,151.39999389648438,173.66000366210938
2023/3/27,173.66000366210938,173.66000366210938,161.6699981689453,161.6699981689453
2023/3/28,161.6699981689453,161.6699981689453,155.9600067138672,155.9600067138672
2023/3/29,155.9600067138672,155.9600067138672,150.5800018310547,150.5800018310547
2023/3/30,150.5800018310547,150.5800018310547,141.24000549316406,141.24000549316406
2023/3/31,141.24000549316406,141.24000549316406,135.92999267578125,135.92999267578125
2023/4/3,135.92999267578125,138.1699981689453,135.92999267578125,138.1699981689453
2023/4/4,138.1699981689453,147.75,138.1699981689453,147.75
2023/4/5,147.75,153.89999389648438,147.75,153.89999389648438
2023/4/6,153.89999389648438,153.89999389648438,147.72999572753906,147.72999572753906
2023/4/10,139.1999969482422,143,139.1999969482422,143
2023/4/11,143,143,139.77999877929688,139.77999877929688
2023/4/12,139.77999877929688,139.77999877929688,129.67999267578125,129.67999267578125
2023/4/13,129.67999267578125,129.67999267578125,119.94999694824219,119.94999694824219
2023/4/14,119.94999694824219,119.94999694824219,118.83999633789062,118.83999633789062
2023/4/17,118.83999633789062,122.69000244140625,118.83999633789062,122.69000244140625
2023/4/18,122.69000244140625,122.77999877929688,122.69000244140625,122.77999877929688
2023/4/19,122.77999877929688,124.0199966430664,122.77999877929688,124.0199966430664
2023/4/20,124.0199966430664,124.0199966430664,120.61000061035156,120.61000061035156
2023/4/21,120.61000061035156,120.83999633789062,120.61000061035156,120.83999633789062
2023/4/24,120.83999633789062,126.27999877929688,120.83999633789062,126.27999877929688
2023/4/25,126.27999877929688,137.1300048828125,126.27999877929688,137.1300048828125
2023/4/26,137.1300048828125,137.1300048828125,130.38999938964844,130.38999938964844
2023/4/27,130.38999938964844,130.38999938964844,122.43000030517578,122.43000030517578
2023/4/28,122.43000030517578,122.45999908447266,122.43000030517578,122.45999908447266
2023/5/1,122.45999908447266,128.17999267578125,122.45999908447266,128.17999267578125
2023/5/2,128.17999267578125,137.5500030517578,128.17999267578125,137.5500030517578
2023/5/3,137.5500030517578,137.5500030517578,134.5,134.5
2023/5/4,134.5,140.7100067138672,134.5,140.7100067138672
2023/5/5,140.7100067138672,140.7100067138672,130.2100067138672,130.2100067138672
2023/5/8,130.2100067138672,135.07000732421875,130.2100067138672,135.07000732421875
2023/5/9,135.07000732421875,135.07000732421875,133.92999267578125,133.92999267578125
2023/5/10,133.92999267578125,133.92999267578125,125.5999984741211,125.5999984741211
2023/5/11,125.5999984741211,128.2100067138672,125.5999984741211,128.2100067138672
2023/5/12,128.2100067138672,128.2100067138672,120.5199966430664,120.5199966430664
2023/5/15,120.5199966430664,127.88999938964844,120.5199966430664,127.88999938964844
2023/5/16,127.88999938964844,130.3000030517578,127.88999938964844,130.3000030517578
2023/5/17,130.3000030517578,130.3000030517578,120.77999877929688,120.77999877929688
2023/5/18,120.77999877929688,122.5,120.77999877929688,122.5
2023/5/19,122.5,127.51000213623047,122.5,127.51000213623047
2023/5/22,127.51000213623047,132.2899932861328,127.51000213623047,132.2899932861328
2023/5/23,132.2899932861328,132.2899932861328,131.6999969482422,131.6999969482422
2023/5/24,131.6999969482422,132.2899932861328,131.6999969482422,132.2899932861328
2023/5/25,132.2899932861328,139.5399932861328,132.2899932861328,139.5399932861328
2023/5/26,139.5399932861328,145.3699951171875,139.5399932861328,145.3699951171875
2023/5/30,145.3699951171875,145.3699951171875,141.36000061035156,141.36000061035156
2023/5/31,141.36000061035156,141.36000061035156,136.02000427246094,136.02000427246094
2023/6/1,136.02000427246094,136.02000427246094,124.62999725341797,124.62999725341797
2023/6/2,124.62999725341797,124.62999725341797,120.94999694824219,120.94999694824219
2023/6/5,120.94999694824219,120.94999694824219,119.08000183105469,119.08000183105469
2023/6/6,119.08000183105469,119.08000183105469,114.41999816894531,114.41999816894531
2023/6/7,114.41999816894531,120.5,114.41999816894531,120.5
2023/6/8,120.5,120.5,115.11000061035156,115.11000061035156
2023/6/9,115.11000061035156,115.7699966430664,115.11000061035156,115.7699966430664
2023/6/12,115.7699966430664,119.80000305175781,115.7699966430664,119.80000305175781
2023/6/13,119.80000305175781,119.80000305175781,118.80000305175781,118.80000305175781
2023/6/14,118.80000305175781,118.80000305175781,114.37000274658203,114.37000274658203
2023/6/15,114.37000274658203,114.37000274658203,107.33999633789062,107.33999633789062
2023/6/16,107.33999633789062,107.33999633789062,104.43000030517578,104.43000030517578
2023/6/20,104.43000030517578,104.43000030517578,104.43000030517578,104.43000030517578
2023/6/21,114.19000244140625,114.19000244140625,110.83999633789062,110.83999633789062
2023/6/22,110.83999633789062,110.83999633789062,107.69999694824219,107.69999694824219
2023/6/23,107.69999694824219,107.69999694824219,105.73999786376953,105.73999786376953
2023/6/26,105.73999786376953,109.0199966430664,105.73999786376953,109.0199966430664
2023/6/27,109.0199966430664,110.8499984741211,109.0199966430664,110.8499984741211
2023/6/28,110.8499984741211,110.8499984741211,108.30000305175781,108.30000305175781
2023/6/29,108.30000305175781,113.44999694824219,108.30000305175781,113.44999694824219
2023/6/30,113.44999694824219,113.44999694824219,110.63999938964844,110.63999938964844
2023/7/3,113.44999694824219,113.44999694824219,110.7699966430664,110.7699966430664
2023/7/5,110.7699966430664,110.7699966430664,110.52999877929688,110.52999877929688
2023/7/6,110.52999877929688,134.6300048828125,110.52999877929688,134.6300048828125
2023/7/7,134.6300048828125,134.6300048828125,130.41000366210938,130.41000366210938
2023/7/10,130.41000366210938,131.72999572753906,130.41000366210938,131.72999572753906
2023/7/11,131.72999572753906,131.72999572753906,127.06999969482422,127.06999969482422
2023/7/12,127.06999969482422,127.06999969482422,114.06999969482422,114.06999969482422
2023/7/13,114.06999969482422,114.06999969482422,111.75,111.75
2023/7/14,111.75,112.4800033569336,111.75,112.4800033569336
2023/7/17,112.4800033569336,113.5,112.4800033569336,113.5
2023/7/18,113.5,113.5,112.44999694824219,112.44999694824219
2023/7/19,112.44999694824219,112.44999694824219,107.19000244140625,107.19000244140625
2023/7/20,107.19000244140625,112.8499984741211,107.19000244140625,112.8499984741211
2023/7/21,112.8499984741211,112.8499984741211,106.66000366210938,106.66000366210938
2023/7/24,106.66000366210938,109.94999694824219,106.66000366210938,109.94999694824219
2023/7/25,109.94999694824219,113.0199966430664,109.94999694824219,113.0199966430664
2023/7/26,113.0199966430664,113.0199966430664,104.87999725341797,104.87999725341797
2023/7/27,104.87999725341797,111.1500015258789,104.87999725341797,111.1500015258789
2023/7/28,111.1500015258789,111.1500015258789,109.76000213623047,109.76000213623047
2023/7/31,109.76000213623047,112.02999877929688,109.76000213623047,112.02999877929688
2023/8/1,112.02999877929688,116.37999725341797,112.02999877929688,116.37999725341797
2023/8/2,116.37999725341797,116.37999725341797,115.1500015258789,115.1500015258789
2023/8/3,115.1500015258789,124.5999984741211,115.1500015258789,124.5999984741211
2023/8/4,124.5999984741211,124.5999984741211,115.91000366210938,115.91000366210938
2023/8/7,124.5999984741211,124.5999984741211,120.94000244140625,120.94000244140625
2023/8/8,120.94000244140625,120.94000244140625,118.73999786376953,118.73999786376953
2023/8/9,118.73999786376953,118.73999786376953,112.55000305175781,112.55000305175781
2023/8/10,112.55000305175781,112.55000305175781,108.63999938964844,108.63999938964844
2023/8/11,108.63999938964844,112.12999725341797,108.63999938964844,112.12999725341797
2023/8/14,108.63999938964844,119.94000244140625,108.63999938964844,119.94000244140625
2023/8/15,119.94000244140625,121.80000305175781,119.94000244140625,121.80000305175781
2023/8/16,121.80000305175781,121.80000305175781,117.23999786376953,117.23999786376953
2023/8/17,117.23999786376953,121.13999938964844,117.23999786376953,121.13999938964844
2023/8/18,121.13999938964844,121.13999938964844,120.51000213623047,120.51000213623047
2023/8/21,121.13999938964844,130.69000244140625,121.13999938964844,130.69000244140625
2023/8/22,130.69000244140625,130.69000244140625,126.6500015258789,126.6500015258789
2023/8/23,126.6500015258789,126.6500015258789,118.4000015258789,118.4000015258789
2023/8/24,118.4000015258789,118.4000015258789,117.55999755859375,117.55999755859375
2023/8/25,117.55999755859375,117.55999755859375,110.37000274658203,110.37000274658203
2023/8/28,117.55999755859375,117.55999755859375,110.44999694824219,110.44999694824219
2023/8/29,110.44999694824219,110.68000030517578,110.44999694824219,110.68000030517578
2023/8/30,110.68000030517578,110.68000030517578,109.83999633789062,109.83999633789062
2023/8/31,109.83999633789062,109.83999633789062,107.93000030517578,107.93000030517578
2023/9/1,107.93000030517578,107.93000030517578,102.91999816894531,102.91999816894531
2023/9/5,102.91999816894531,109.63999938964844,102.91999816894531,109.63999938964844
2023/9/6,109.63999938964844,111.30999755859375,109.63999938964844,111.30999755859375
2023/9/7,111.30999755859375,111.30999755859375,105.19999694824219,105.19999694824219
2023/9/8,105.19999694824219,105.19999694824219,104.33999633789062,104.33999633789062
2023/9/11,105.19999694824219,107.2300033569336,105.19999694824219,107.2300033569336
2023/9/12,107.2300033569336,107.2300033569336,105.11000061035156,105.11000061035156
2023/9/13,105.11000061035156,105.11000061035156,101.86000061035156,101.86000061035156
2023/9/14,101.86000061035156,101.86000061035156,97.11000061035156,97.11000061035156
2023/9/15,97.11000061035156,97.11000061035156,96.61000061035156,96.61000061035156
2023/9/18,97.11000061035156,99.31999969482422,97.11000061035156,99.31999969482422
2023/9/19,99.31999969482422,101.30999755859375,99.31999969482422,101.30999755859375
2023/9/20,101.30999755859375,101.30999755859375,97.04000091552734,97.04000091552734
2023/9/21,97.04000091552734,106,97.04000091552734,106
2023/9/22,106,106,101.11000061035156,101.11000061035156
2023/9/25,106,117.33000183105469,106,117.33000183105469
2023/9/26,117.33000183105469,117.72000122070312,117.33000183105469,117.72000122070312
2023/9/27,117.72000122070312,122.08999633789062,117.72000122070312,122.08999633789062
2023/9/28,122.08999633789062,122.08999633789062,115.23999786376953,115.23999786376953
2023/9/29,115.23999786376953,115.23999786376953,113.55000305175781,113.55000305175781
2023/10/2,115.23999786376953,127.58999633789062,115.23999786376953,127.58999633789062
2023/10/3,127.58999633789062,141.6699981689453,127.58999633789062,141.6699981689453
2023/10/4,141.6699981689453,141.6699981689453,128.22999572753906,128.22999572753906
2023/10/5,128.22999572753906,130.17999267578125,128.22999572753906,130.17999267578125
2023/10/6,130.17999267578125,130.17999267578125,126.63999938964844,126.63999938964844
2023/10/10,126.63999938964844,136.1699981689453,126.63999938964844,136.1699981689453
2023/10/11,136.1699981689453,136.1699981689453,127.18000030517578,127.18000030517578
2023/10/12,127.18000030517578,127.18000030517578,126.37000274658203,126.37000274658203
2023/10/13,126.37000274658203,128.3300018310547,126.37000274658203,128.3300018310547
2023/10/16,126.37000274658203,130.16000366210938,126.37000274658203,130.16000366210938
2023/10/17,130.16000366210938,130.1699981689453,130.16000366210938,130.1699981689453
2023/10/18,130.1699981689453,130.1699981689453,129.1699981689453,129.1699981689453
2023/10/19,129.1699981689453,134.6199951171875,129.1699981689453,134.6199951171875
2023/10/20,134.6199951171875,135.4499969482422,134.6199951171875,135.4499969482422
2023/10/23,134.6199951171875,134.6199951171875,131.8300018310547,131.8300018310547
2023/10/24,131.8300018310547,131.8300018310547,128.1300048828125,128.1300048828125
2023/10/25,128.1300048828125,131.2100067138672,128.1300048828125,131.2100067138672
2023/10/26,131.2100067138672,131.2100067138672,130.94000244140625,130.94000244140625
2023/10/27,130.94000244140625,130.94000244140625,129.16000366210938,129.16000366210938
2023/10/30,130.94000244140625,131.89999389648438,130.94000244140625,131.89999389648438
2023/10/31,131.89999389648438,131.89999389648438,126.86000061035156,126.86000061035156
2023/11/1,126.86000061035156,126.86000061035156,120.55000305175781,120.55000305175781
2023/11/2,120.55000305175781,120.55000305175781,118.63999938964844,118.63999938964844
2023/11/3,118.63999938964844,118.73999786376953,118.63999938964844,118.73999786376953
2023/11/6,118.63999938964844,121.73999786376953,118.63999938964844,121.73999786376953
2023/11/7,121.73999786376953,121.73999786376953,120.08999633789062,120.08999633789062
2023/11/8,120.08999633789062,120.08999633789062,117.0999984741211,117.0999984741211
2023/11/9,117.0999984741211,117.0999984741211,117.05000305175781,117.05000305175781
2023/11/10,117.05000305175781,117.05000305175781,116.79000091552734,116.79000091552734
2023/11/13,117.05000305175781,124.47000122070312,117.05000305175781,124.47000122070312
2023/11/14,124.47000122070312,124.47000122070312,124.11000061035156,124.11000061035156
2023/11/15,124.11000061035156,124.11000061035156,122.19000244140625,122.19000244140625
2023/11/16,122.19000244140625,122.19000244140625,116.08000183105469,116.08000183105469
2023/11/17,116.08000183105469,116.08000183105469,113.11000061035156,113.11000061035156
2023/11/20,116.08000183105469,116.08000183105469,115.08999633789062,115.08999633789062
2023/11/21,115.08999633789062,115.08999633789062,112.79000091552734,112.79000091552734
2023/11/22,112.79000091552734,112.79000091552734,111.56999969482422,111.56999969482422
2023/11/24,111.56999969482422,111.56999969482422,107.43000030517578,107.43000030517578
2023/11/27,111.56999969482422,111.56999969482422,109.30999755859375,109.30999755859375
2023/11/28,109.30999755859375,110.05999755859375,109.30999755859375,110.05999755859375
2023/11/29,110.05999755859375,114.58999633789062,110.05999755859375,114.58999633789062
2023/11/30,114.58999633789062,115.31999969482422,114.58999633789062,115.31999969482422
2023/12/1,115.31999969482422,115.31999969482422,111.51000213623047,111.51000213623047
2023/12/4,115.31999969482422,118.25,115.31999969482422,118.25
2023/12/5,118.25,127.19999694824219,118.25,127.19999694824219
2023/12/6,127.19999694824219,127.19999694824219,124.9800033569336,124.9800033569336
2023/12/7,124.9800033569336,129.74000549316406,124.9800033569336,129.74000549316406
2023/12/8,129.74000549316406,129.74000549316406,121.6500015258789,121.6500015258789
2023/12/11,129.74000549316406,129.74000549316406,126.66000366210938,126.66000366210938
2023/12/12,126.66000366210938,126.66000366210938,118.62000274658203,118.62000274658203
2023/12/13,118.62000274658203,118.62000274658203,113.7699966430664,113.7699966430664
2023/12/14,113.7699966430664,118.04000091552734,113.7699966430664,118.04000091552734
2023/12/15,118.04000091552734,118.04000091552734,115.75,115.75
2023/12/18,118.04000091552734,118.45999908447266,118.04000091552734,118.45999908447266
2023/12/19,118.45999908447266,118.45999908447266,115.02999877929688,115.02999877929688
2023/12/20,115.02999877929688,115.02999877929688,111.87000274658203,111.87000274658203
2023/12/21,111.87000274658203,111.93000030517578,111.87000274658203,111.93000030517578
2023/12/22,111.93000030517578,111.93000030517578,111.37999725341797,111.37999725341797
2023/12/26,111.37999725341797,116,111.37999725341797,116
2023/12/27,116,116,114.52999877929688,114.52999877929688
2023/12/28,114.52999877929688,114.52999877929688,113.77999877929688,113.77999877929688
2023/12/29,113.77999877929688,114.62000274658203,113.77999877929688,114.62000274658203
2024/1/2,114.62000274658203,127.0199966430664,114.62000274658203,127.0199966430664
2024/1/3,127.0199966430664,127.0199966430664,124.56999969482422,124.56999969482422
2024/1/4,124.56999969482422,124.56999969482422,121.12000274658203,121.12000274658203
2024/1/5,121.12000274658203,121.12000274658203,116.19000244140625,116.19000244140625
2024/1/8,121.12000274658203,121.12000274658203,117.72000122070312,117.72000122070312
2024/1/9,117.72000122070312,117.72000122070312,114.91999816894531,114.91999816894531
2024/1/10,114.91999816894531,114.91999816894531,109.62999725341797,109.62999725341797
2024/1/11,109.62999725341797,109.62999725341797,103.44999694824219,103.44999694824219
2024/1/12,103.44999694824219,106.51000213623047,103.44999694824219,106.51000213623047
2024/1/16,106.51000213623047,113.44000244140625,106.51000213623047,113.44000244140625
2024/1/17,113.44000244140625,113.44000244140625,105.86000061035156,105.86000061035156
2024/1/18,105.86000061035156,107.22000122070312,105.86000061035156,107.22000122070312
2024/1/19,107.22000122070312,107.22000122070312,104.97000122070312,104.97000122070312
2024/1/22,107.22000122070312,107.22000122070312,106.87000274658203,106.87000274658203
2024/1/23,106.87000274658203,107.69999694824219,106.87000274658203,107.69999694824219
2024/1/24,107.69999694824219,107.69999694824219,105.77999877929688,105.77999877929688
2024/1/25,105.77999877929688,105.88999938964844,105.77999877929688,105.88999938964844
2024/1/26,105.88999938964844,105.88999938964844,100.2300033569336,100.2300033569336
2024/1/29,105.88999938964844,106.33999633789062,105.88999938964844,106.33999633789062
2024/1/30,106.33999633789062,106.33999633789062,104.26000213623047,104.26000213623047
2024/1/31,104.26000213623047,107.27999877929688,104.26000213623047,107.27999877929688
2024/2/1,107.27999877929688,113.91999816894531,107.27999877929688,113.91999816894531
2024/2/2,113.91999816894531,113.91999816894531,106.72000122070312,106.72000122070312
2024/2/5,113.91999816894531,113.91999816894531,108.68000030517578,108.68000030517578
2024/2/6,108.68000030517578,110.5999984741211,108.68000030517578,110.5999984741211
2024/2/7,110.5999984741211,110.5999984741211,107.86000061035156,107.86000061035156
2024/2/8,107.86000061035156,108.5999984741211,107.86000061035156,108.5999984741211
2024/2/9,108.5999984741211,108.5999984741211,106.20999908447266,106.20999908447266
2024/2/12,108.5999984741211,109.77999877929688,108.5999984741211,109.77999877929688
2024/2/13,109.77999877929688,113.22000122070312,109.77999877929688,113.22000122070312
2024/2/14,113.22000122070312,113.22000122070312,111.97000122070312,111.97000122070312
2024/2/15,111.97000122070312,112.08999633789062,111.97000122070312,112.08999633789062
2024/2/16,112.08999633789062,112.08999633789062,109.19999694824219,109.19999694824219
2024/2/20,109.19999694824219,111.0199966430664,109.19999694824219,111.0199966430664
2024/2/21,111.0199966430664,114.2699966430664,111.0199966430664,114.2699966430664
2024/2/22,114.2699966430664,115.58999633789062,114.2699966430664,115.58999633789062
2024/2/23,115.58999633789062,115.58999633789062,108.30999755859375,108.30999755859375
2024/2/26,115.58999633789062,115.58999633789062,110.7699966430664,110.7699966430664
2024/2/27,110.7699966430664,110.80000305175781,110.7699966430664,110.80000305175781
2024/2/28,110.80000305175781,110.80000305175781,108.70999908447266,108.70999908447266
2024/2/29,108.70999908447266,109.0999984741211,108.70999908447266,109.0999984741211
2024/3/1,109.0999984741211,109.0999984741211,106.4800033569336,106.4800033569336
2024/3/4,109.0999984741211,109.56999969482422,109.0999984741211,109.56999969482422
2024/3/5,109.56999969482422,110.33000183105469,109.56999969482422,110.33000183105469
2024/3/6,110.33000183105469,110.33000183105469,105.33000183105469,105.33000183105469
2024/3/7,105.33000183105469,105.44999694824219,105.33000183105469,105.44999694824219
2024/3/8,105.44999694824219,105.44999694824219,100.87999725341797,100.87999725341797
2024/3/11,105.44999694824219,106.62999725341797,105.44999694824219,106.62999725341797
2024/3/12,106.62999725341797,106.62999725341797,101.36000061035156,101.36000061035156
2024/3/13,101.36000061035156,101.36000061035156,97.02999877929688,97.02999877929688
2024/3/14,97.02999877929688,98.66999816894531,97.02999877929688,98.66999816894531
2024/3/15,98.66999816894531,98.66999816894531,97.81999969482422,97.81999969482422
2024/3/18,97.81999969482422,102.87000274658203,97.81999969482422,102.87000274658203
2024/3/19,102.87000274658203,102.87000274658203,99.98999786376953,99.98999786376953
2024/3/20,99.98999786376953,99.98999786376953,92.72000122070312,92.72000122070312
2024/3/21,92.72000122070312,92.72000122070312,90.81999969482422,90.81999969482422
2024/3/22,90.81999969482422,91.04000091552734,90.81999969482422,91.04000091552734
2024/3/25,90.81999969482422,92.23999786376953,90.81999969482422,92.23999786376953
2024/3/26,92.23999786376953,92.23999786376953,90.62999725341797,90.62999725341797
2024/3/27,90.62999725341797,90.62999725341797,86.27999877929688,86.27999877929688
2024/3/28,86.27999877929688,86.37999725341797,86.27999877929688,86.37999725341797
2024/4/1,86.37999725341797,94.19999694824219,86.37999725341797,94.19999694824219
2024/4/2,94.19999694824219,96.56999969482422,94.19999694824219,96.56999969482422
2024/4/3,96.56999969482422,97.87999725341797,96.56999969482422,97.87999725341797
2024/4/4,97.87999725341797,97.87999725341797,96.12999725341797,96.12999725341797
2024/4/5,96.12999725341797,96.12999725341797,94.30999755859375,94.30999755859375
2024/4/8,96.12999725341797,99.37000274658203,96.12999725341797,99.37000274658203
2024/4/9,99.37000274658203,99.37000274658203,98.73000336,98.73000336
2024/4/10,98.73000336,109.58999633789062,98.73000336,109.58999633789062
2024/4/11,109.58999633789062,109.58999633789062,108.86000061035156,108.86000061035156
2024/4/12,108.86000061035156,112.81999969482422,108.86000061035156,112.81999969482422
2024/4/15,112.81999969482422,121.1500015258789,112.81999969482422,121.1500015258789
2024/4/16,121.1500015258789,121.1500015258789,119.58999633789062,119.58999633789062
2024/4/17,119.58999633789062,119.58999633789062,113.29000091552734,113.29000091552734
2024/4/18,113.29000091552734,113.29000091552734,108.66000366210938,108.66000366210938
2024/4/19,108.66000366210938,111.26000213623047,108.66000366210938,111.26000213623047
2024/4/22,111.26000213623047,111.26000213623047,108.55999755859375,108.55999755859375
2024/4/23,108.55999755859375,108.55999755859375,106.8499984741211,106.8499984741211
2024/4/24,106.8499984741211,110.20999908447266,106.8499984741211,110.20999908447266
2024/4/25,110.20999908447266,110.20999908447266,108.55000305175781,108.55000305175781
2024/4/26,108.55000305175781,108.55000305175781,104.4000015258789,104.4000015258789
2024/4/29,104.4000015258789,105.41999816894531,104.4000015258789,105.41999816894531
2024/4/30,105.41999816894531,107.45999908447266,105.41999816894531,107.45999908447266
2024/5/1,107.45999908447266,107.45999908447266,100.63999938964844,100.63999938964844
2024/5/2,100.63999938964844,100.69999694824219,100.63999938964844,100.69999694824219
2024/5/3,100.69999694824219,100.69999694824219,95.95999908447266,95.95999908447266
2024/5/6,95.95999908447266,95.95999908447266,94.5,94.5
2024/5/7,94.5,98.04000091552734,94.5,98.04000091552734
2024/5/8,98.04000091552734,98.04000091552734,95.58000183105469,95.58000183105469
2024/5/9,95.58000183105469,95.58000183105469,93.84999847,93.84999847
2024/5/10,93.84999847,94.23000336,93.84999847,94.23000336
2024/5/13,94.23000336,105.3499984741211,94.23000336,105.3499984741211
2024/5/14,105.3499984741211,106.55000305175781,105.3499984741211,106.55000305175781
2024/5/15,106.55000305175781,106.55000305175781,93.77999877929688,93.77999877929688
2024/5/16,93.77999877929688,93.77999877929688,91.83000183105469,91.83000183105469
2024/5/17,91.83000183105469,91.83000183105469,89.34999847,89.34999847
2024/5/20,89.34999847,89.34999847,88.12999725341797,88.12999725341797
2024/5/21,88.12999725341797,88.12999725341797,85.33999633789062,85.33999633789062
2024/5/22,85.33999633789062,85.33999633789062,82.48999786376953,82.48999786376953
2024/5/23,82.48999786376953,86.15000153,82.48999786376953,86.15000153
2024/5/24,86.15000153,86.15000153,83.56999969482422,83.56999969482422
2024/5/28,83.56999969482422,89.66999816894531,83.56999969482422,89.66999816894531
2024/5/29,89.66999816894531,93.44999694824219,89.66999816894531,93.44999694824219
2024/5/30,93.44999694824219,93.44999694824219,91.08999633789062,91.08999633789062
2024/5/31,91.08999633789062,91.13999938964844,91.08999633789062,91.13999938964844
2024/6/3,91.13999938964844,93.91999816894531,91.13999938964844,93.91999816894531
2024/6/4,93.91999816894531,100.11000061035156,93.91999816894531,100.11000061035156
2024/6/5,100.11000061035156,102.43000030517578,100.11000061035156,102.43000030517578
2024/6/6,102.43000030517578,102.43000030517578,100.98999786376953,100.98999786376953
2024/6/7,100.98999786376953,100.98999786376953,91.81999969482422,91.81999969482422
2024/6/10,91.81999969482422,94.16000366210938,91.81999969482422,94.16000366210938
2024/6/11,94.16000366210938,97.26999664,94.16000366210938,97.26999664
2024/6/12,97.26999664,97.26999664,91.73000336,91.73000336
2024/6/13,91.73000336,91.93000030517578,91.73000336,91.93000030517578
2024/6/14,91.93000030517578,100.16000366210938,91.93000030517578,100.16000366210938
2024/6/17,100.16000366210938,100.16000366210938,99.06999969482422,99.06999969482422
2024/6/18,99.06999969482422,99.06999969482422,97.98999786376953,97.98999786376953
2024/6/20,97.98999786376953,97.98999786376953,94.13999938964844,94.13999938964844
2024/6/21,94.13999938964844,94.13999938964844,94.08999633789062,94.08999633789062
2024/6/24,94.08999633789062,95.19999694824219,94.08999633789062,95.19999694824219
2024/6/25,95.19999694824219,96.97000122070312,95.19999694824219,96.97000122070312
2024/6/26,96.97000122070312,97.91000366210938,96.97000122070312,97.91000366210938
2024/6/27,97.91000366210938,97.91000366210938,95.69000244140625,95.69000244140625
2024/6/28,95.69000244140625,98.58999633789062,95.69000244140625,98.58999633789062
2024/7/1,98.58999633789062,106.2300033569336,98.58999633789062,106.2300033569336
2024/7/2,106.2300033569336,107.51000213623047,106.2300033569336,107.51000213623047
2024/7/3,107.51000213623047,107.51000213623047,102.83000183105469,102.83000183105469
2024/7/5,102.83000183105469,102.83000183105469,98.77999877929688,98.77999877929688
2024/7/8,98.77999877929688,98.77999877929688,97.95999908447266,97.95999908447266
2024/7/9,97.95999908447266,97.95999908447266,95.62000274658203,95.62000274658203
2024/7/10,95.62000274658203,95.62000274658203,92.97000122070312,92.97000122070312
2024/7/11,92.97000122070312,92.97000122070312,89.66999816894531,89.66999816894531
2024/7/12,89.66999816894531,89.66999816894531,86.79000091552734,86.79000091552734
2024/7/15,86.79000091552734,94.5,86.79000091552734,94.5
2024/7/16,94.5,94.5,93.87000274658203,93.87000274658203
2024/7/17,93.87000274658203,93.87000274658203,91,91
2024/7/18,91,91.97000122070312,91,91.97000122070312
2024/7/19,91.97000122070312,94.29000091552734,91.97000122070312,94.29000091552734
2024/7/22,94.29000091552734,94.44999694824219,94.29000091552734,94.44999694824219
2024/7/23,94.44999694824219,95.04000091552734,94.44999694824219,95.04000091552734
2024/7/24,95.04000091552734,95.04000091552734,94.80999755859375,94.80999755859375
2024/7/25,94.80999755859375,99.08000183105469,94.80999755859375,99.08000183105469
2024/7/26,99.08000183105469,99.08000183105469,97.76000213623047,97.76000213623047
2024/7/29,97.76000213623047,98.65000153,97.76000213623047,98.65000153
2024/7/30,98.65000153,100.41999816894531,98.65000153,100.41999816894531
2024/7/31,100.41999816894531,100.41999816894531,99.41000366210938,99.41000366210938
2024/8/1,99.41000366210938,101.81999969482422,99.41000366210938,101.81999969482422
2024/8/2,101.81999969482422,112.26000213623047,101.81999969482422,112.26000213623047
2024/8/5,112.26000213623047,121.22000122070312,112.26000213623047,121.22000122070312
2024/8/6,121.22000122070312,121.22000122070312,119.23999786376953,119.23999786376953
2024/8/7,119.23999786376953,119.23999786376953,112.69000244140625,112.69000244140625
2024/8/8,112.69000244140625,112.69000244140625,110.41999816894531,110.41999816894531
2024/8/9,110.41999816894531,110.41999816894531,108.26000213623047,108.26000213623047
2024/8/12,108.26000213623047,118.26000213623047,108.26000213623047,118.26000213623047
2024/8/13,118.26000213623047,118.44000244140625,118.26000213623047,118.44000244140625
2024/8/14,118.44000244140625,118.44000244140625,106.33999633789062,106.33999633789062
2024/8/15,106.33999633789062,106.33999633789062,103.73999786376953,103.73999786376953
2024/8/16,103.73999786376953,103.73999786376953,102.80999755859375,102.80999755859375
2024/8/19,102.80999755859375,110.12999725341797,102.80999755859375,110.12999725341797
2024/8/20,110.12999725341797,111.56999969482422,110.12999725341797,111.56999969482422
2024/8/21,111.56999969482422,111.56999969482422,111.37999725341797,111.37999725341797
2024/8/22,111.37999725341797,111.37999725341797,108.5,108.5
2024/8/23,108.5,108.5,105.62999725341797,105.62999725341797
2024/8/26,105.62999725341797,106.66000366210938,105.62999725341797,106.66000366210938
2024/8/27,106.66000366210938,109.22000122070312,106.66000366210938,109.22000122070312
2024/8/28,109.22000122070312,109.22000122070312,108.76000213623047,108.76000213623047
2024/8/29,108.76000213623047,108.76000213623047,106.69999694824219,106.69999694824219
2024/8/30,106.69999694824219,107.7699966430664,106.69999694824219,107.7699966430664
2024/9/3,107.7699966430664,114.19999694824219,107.7699966430664,114.19999694824219
2024/9/4,114.19999694824219,119.1500015258789,114.19999694824219,119.1500015258789
2024/9/5,119.1500015258789,119.1500015258789,114.80999755859375,114.80999755859375
2024/9/6,114.80999755859375,114.80999755859375,107.23999786376953,107.23999786376953
2024/9/9,107.23999786376953,107.23999786376953,104.61000061035156,104.61000061035156
2024/9/10,104.61000061035156,108.36000061035156,104.61000061035156,108.36000061035156
2024/9/11,108.36000061035156,108.36000061035156,103.79000091552734,103.79000091552734
2024/9/12,103.79000091552734,103.79000091552734,98.02999877929688,98.02999877929688
2024/9/13,98.02999877929688,100.5999984741211,98.02999877929688,100.5999984741211
2024/9/16,100.5999984741211,101.22000122070312,100.5999984741211,101.22000122070312
2024/9/17,101.22000122070312,101.58000183105469,101.22000122070312,101.58000183105469
2024/9/18,101.58000183105469,101.58000183105469,98.61000061035156,98.61000061035156
2024/9/19,98.61000061035156,98.61000061035156,92.63999938964844,92.63999938964844
2024/9/20,92.63999938964844,92.63999938964844,91,91
2024/9/23,91,93.87000274658203,91,93.87000274658203
2024/9/24,93.87000274658203,93.87000274658203,93.30000305175781,93.30000305175781
2024/9/25,93.30000305175781,93.30000305175781,91.63999938964844,91.63999938964844
2024/9/26,91.63999938964844,91.63999938964844,90.13999938964844,90.13999938964844
2024/9/27,90.13999938964844,92.52999877929688,90.13999938964844,92.52999877929688
2024/9/30,92.52999877929688,94.61000061035156,92.52999877929688,94.61000061035156
2024/10/1,94.61000061035156,104.13999938964844,94.61000061035156,104.13999938964844
2024/10/2,104.13999938964844,104.13999938964844,102.16999816894531,102.16999816894531
2024/10/3,102.16999816894531,102.16999816894531,101.16000366210938,101.16000366210938
2024/10/4,101.16000366210938,101.16000366210938,100.1500015258789,100.1500015258789
2024/10/7,100.1500015258789,124.2300033569336,100.1500015258789,124.2300033569336
2024/10/8,124.2300033569336,124.2300033569336,123.7699966430664,123.7699966430664
2024/10/9,123.7699966430664,123.7699966430664,122.38999938964844,122.38999938964844
2024/10/10,122.38999938964844,122.38999938964844,116.55999755859375,116.55999755859375
2024/10/11,116.55999755859375,118.47000122070312,116.55999755859375,118.47000122070312
2024/10/15,118.47000122070312,127.2300033569336,118.47000122070312,127.2300033569336
2024/10/16,127.2300033569336,127.2300033569336,121.86000061035156,121.86000061035156
2024/10/17,121.86000061035156,122.13999938964844,121.86000061035156,122.13999938964844
2024/10/18,122.13999938964844,123.12999725341797,122.13999938964844,123.12999725341797
2024/10/21,123.12999725341797,128.9499969482422,123.12999725341797,128.9499969482422
2024/10/22,128.9499969482422,129.25999450683594,128.9499969482422,129.25999450683594
2024/10/23,129.25999450683594,129.25999450683594,129.0500030517578,129.0500030517578
2024/10/24,129.0500030517578,129.0500030517578,127.4800033569336,127.4800033569336
2024/10/25,127.4800033569336,128.39999389648438,127.4800033569336,128.39999389648438
2024/10/28,128.39999389648438,130.9199981689453,128.39999389648438,130.9199981689453
2024/10/29,130.9199981689453,131.8699951171875,130.9199981689453,131.8699951171875
2024/10/30,131.8699951171875,131.8699951171875,130.8000030517578,130.8000030517578
2024/10/31,130.8000030517578,135.17999267578125,130.8000030517578,135.17999267578125
2024/11/1,135.17999267578125,135.17999267578125,132.5800018310547,132.5800018310547
2024/11/4,132.5800018310547,136.25,132.5800018310547,136.25
2024/11/5,136.25,136.25,130.42999267578125,130.42999267578125
2024/11/6,130.42999267578125,130.42999267578125,117.63999938964844,117.63999938964844
2024/11/7,117.63999938964844,117.63999938964844,104.08000183105469,104.08000183105469
2024/11/8,104.08000183105469,104.08000183105469,99.84999847,99.84999847
2024/11/12,99.84999847,108.55000305175781,99.84999847,108.55000305175781
2024/11/13,108.55000305175781,108.55000305175781,102.08000183105469,102.08000183105469
2024/11/14,102.08000183105469,102.08000183105469,99.43000030517578,99.43000030517578
2024/11/15,99.43000030517578,102.47000122070312,99.43000030517578,102.47000122070312
2024/11/18,102.47000122070312,102.47000122070312,102.01000213623047,102.01000213623047
2024/11/19,102.01000213623047,105.12000274658203,102.01000213623047,105.12000274658203
2024/11/20,105.12000274658203,106.69000244140625,105.12000274658203,106.69000244140625
2024/11/21,106.69000244140625,106.69000244140625,101.9000015258789,101.9000015258789
2024/11/22,101.9000015258789,101.9000015258789,99.13999938964844,99.13999938964844
2024/11/25,99.13999938964844,99.95999908447266,99.13999938964844,99.95999908447266
2024/11/26,99.95999908447266,99.95999908447266,99.18000030517578,99.18000030517578
2024/11/27,99.18000030517578,99.18000030517578,97.73999786376953,97.73999786376953
2024/11/29,97.73999786376953,97.73999786376953,95.22000122070312,95.22000122070312
2024/12/2,95.22000122070312,97.80999755859375,95.22000122070312,97.80999755859375
2024/12/3,97.80999755859375,97.80999755859375,95.59999847,95.59999847
2024/12/4,95.59999847,95.59999847,92.25,92.25
2024/12/5,92.25,92.25,91.48000336,91.48000336
2024/12/6,91.48000336,91.48000336,83.19999694824219,83.19999694824219
2024/12/9,83.19999694824219,85.62999725341797,83.19999694824219,85.62999725341797
2024/12/10,85.62999725341797,90.09999847,85.62999725341797,90.09999847
2024/12/11,90.09999847,90.09999847,82.40000153,82.40000153
2024/12/12,82.40000153,82.66000366210938,82.40000153,82.66000366210938
2024/12/13,82.66000366210938,85.66000366210938,82.66000366210938,85.66000366210938
2024/12/16,85.66000366210938,90.87999725341797,85.66000366210938,90.87999725341797
2024/12/17,90.87999725341797,90.87999725341797,90.41999816894531,90.41999816894531
2024/12/18,90.41999816894531,90.41999816894531,87.20999908447266,87.20999908447266
2024/12/19,87.20999908447266,90.41000366210938,87.20999908447266,90.41000366210938
2024/12/20,90.41000366210938,91.75,90.41000366210938,91.75
2024/12/23,91.75,95.84999847,91.75,95.84999847
2024/12/24,95.84999847,96.94999694824219,95.84999847,96.94999694824219
2024/12/26,96.94999694824219,96.94999694824219,95.19999694824219,95.19999694824219
2024/12/27,95.19999694824219,95.19999694824219,94.80000305175781,94.80000305175781
2024/12/30,94.80000305175781,99.08000183105469,94.80000305175781,99.08000183105469
2024/12/31,99.08000183105469,99.08000183105469,98.80000305175781,98.80000305175781
2025/1/2,98.80000305175781,98.80000305175781,96.66999816894531,96.66999816894531
2025/1/3,96.66999816894531,96.66999816894531,93.34999847,93.34999847
2025/1/6,93.34999847,97.88999938964844,93.34999847,97.88999938964844
2025/1/7,97.88999938964844,102.77999877929688,97.88999938964844,102.77999877929688
2025/1/8,102.77999877929688,102.77999877929688,100.76000213623047,100.76000213623047
2025/1/10,99.73000336,99.73000336,96.56999969482422,96.56999969482422
2025/1/13,96.56999969482422,103.51000213623047,96.56999969482422,103.51000213623047
2025/1/14,103.51000213623047,103.51000213623047,101.98999786376953,101.98999786376953
2025/1/15,101.98999786376953,101.98999786376953,93.09999847,93.09999847
2025/1/16,93.09999847,93.09999847,92.72000122070312,92.72000122070312
2025/1/17,92.72000122070312,95.59999847,92.72000122070312,95.59999847
2025/1/21,95.59999847,96.77999877929688,95.59999847,96.77999877929688
2025/1/22,96.77999877929688,96.77999877929688,89.90000153,89.90000153
2025/1/23,89.90000153,89.90000153,88.51000213623047,88.51000213623047
2025/1/24,88.51000213623047,88.51000213623047,86.75,86.75
2025/1/27,86.75,95.05000305175781,86.75,95.05000305175781
2025/1/28,95.05000305175781,95.05000305175781,92.83000183105469,92.83000183105469
2025/1/29,92.83000183105469,92.83000183105469,90.73000336,90.73000336
2025/1/30,90.73000336,90.73000336,90.54000091552734,90.54000091552734
2025/1/31,90.54000091552734,91.76000213623047,90.54000091552734,91.76000213623047
2025/2/3,91.76000213623047,94.15000153,91.76000213623047,94.15000153
2025/2/4,94.15000153,94.15000153,90.27999877929688,90.27999877929688
2025/2/5,90.27999877929688,94.68000030517578,90.27999877929688,94.68000030517578
2025/2/6,94.68000030517578,94.68000030517578,93.90000153,93.90000153
2025/2/7,93.90000153,93.90000153,93.12999725341797,93.12999725341797
2025/2/10,93.12999725341797,93.12999725341797,87.68000030517578,87.68000030517578
2025/2/11,87.68000030517578,87.68000030517578,85.58000183105469,85.58000183105469
2025/2/12,85.58000183105469,86.58000183105469,85.58000183105469,86.58000183105469
2025/2/13,86.58000183105469,86.58000183105469,84.56999969482422,84.56999969482422
2025/2/14,84.56999969482422,84.66999816894531,84.56999969482422,84.66999816894531
2025/2/18,84.66999816894531,84.66999816894531,84.51000213623047,84.51000213623047
2025/2/19,84.51000213623047,84.51000213623047,83.86000061035156,83.86000061035156
2025/2/20,83.86000061035156,86.26000213623047,83.86000061035156,86.26000213623047
2025/2/21,86.26000213623047,91.83000183105469,86.26000213623047,91.83000183105469
2025/2/24,91.83000183105469,91.83000183105469,88.44000244140625,88.44000244140625
2025/2/25,88.44000244140625,96.61000061035156,88.44000244140625,96.61000061035156
2025/2/26,96.61000061035156,97.51999664,96.61000061035156,97.51999664
2025/2/27,97.51999664,97.51999664,96.26999664,96.26999664
2025/2/28,96.26999664,104.45999908447266,96.26999664,104.45999908447266
2025/3/3,104.45999908447266,105.6500015258789,104.45999908447266,105.6500015258789
2025/3/4,105.6500015258789,108.87000274658203,105.6500015258789,108.87000274658203
2025/3/5,108.87000274658203,108.87000274658203,104.31999969482422,104.31999969482422
2025/3/6,104.31999969482422,108.94999694824219,104.31999969482422,108.94999694824219
2025/3/7,108.94999694824219,108.94999694824219,104.41000366210938,104.41000366210938
2025/3/10,104.41000366210938,112.5,104.41000366210938,112.5
2025/3/11,112.5,114.5999984741211,112.5,114.5999984741211
2025/3/12,114.5999984741211,114.5999984741211,104.11000061035156,104.11000061035156
2025/3/13,104.11000061035156,106.19000244140625,104.11000061035156,106.19000244140625
2025/3/14,106.19000244140625,106.19000244140625,101.01000213623047,101.01000213623047
2025/3/17,101.01000213623047,101.01000213623047,99.77999877929688,99.77999877929688
2025/3/18,99.77999877929688,99.77999877929688,96.68000030517578,96.68000030517578
2025/3/19,96.68000030517578,96.68000030517578,91.40000153,91.40000153
2025/3/20,91.40000153,95.73999786376953,91.40000153,95.73999786376953
2025/3/21,95.73999786376953,95.73999786376953,94.54000091552734,94.54000091552734
2025/3/24,94.54000091552734,95.22000122070312,94.54000091552734,95.22000122070312
2025/3/25,95.22000122070312,95.22000122070312,93.56999969482422,93.56999969482422
2025/3/26,93.56999969482422,93.56999969482422,91.41000366210938,91.41000366210938
2025/3/27,91.41000366210938,91.41000366210938,91.02999877929688,91.02999877929688
2025/3/28,91.02999877929688,96.83000183105469,91.02999877929688,96.83000183105469
2025/3/31,96.83000183105469,101.3499984741211,96.83000183105469,101.3499984741211
2025/4/1,101.3499984741211,104.7300033569336,101.3499984741211,104.7300033569336
2025/4/2,104.7300033569336,106.38999938964844,104.7300033569336,106.38999938964844
2025/4/3,106.38999938964844,112,106.38999938964844,112
2025/4/4,112,125.70999908447266,112,125.70999908447266
2025/4/7,125.70999908447266,137.3000030517578,125.70999908447266,137.3000030517578
2025/4/8,137.3000030517578,139.8800048828125,137.3000030517578,139.8800048828125
2025/4/9,139.8800048828125,139.8800048828125,128.8300018310547,128.8300018310547
2025/4/10,128.8300018310547,128.8300018310547,128.35000610351562,128.35000610351562
2025/4/11,128.35000610351562,137.25999450683594,128.35000610351562,137.25999450683594
2025/4/14,137.25999450683594,137.25999450683594,132.4600067138672,132.4600067138672
2025/4/15,132.4600067138672,132.4600067138672,122.55999755859375,122.55999755859375
2025/4/16,122.55999755859375,122.55999755859375,119.4000015258789,119.4000015258789
2025/4/17,119.4000015258789,119.4000015258789,114.63999938964844,114.63999938964844
2025/4/21,114.63999938964844,128.55999755859375,114.63999938964844,128.55999755859375
2025/4/22,128.55999755859375,128.55999755859375,118.3499984741211,118.3499984741211
2025/4/23,118.3499984741211,118.3499984741211,116.5999984741211,116.5999984741211
2025/4/24,116.5999984741211,116.5999984741211,108.27999877929688,108.27999877929688
2025/4/25,108.27999877929688,108.27999877929688,105.79000091552734,105.79000091552734
2025/4/28,105.79000091552734,110.01000213623047,105.79000091552734,110.01000213623047
2025/4/29,110.01000213623047,112.2699966430664,110.01000213623047,112.2699966430664
2025/4/30,112.2699966430664,112.4800033569336,112.2699966430664,112.4800033569336
2025/5/1,112.4800033569336,112.4800033569336,107.33000183105469,107.33000183105469
2025/5/2,107.33000183105469,107.33000183105469,101.4000015258789,101.4000015258789
2025/5/5,101.4000015258789,104.44999694824219,101.4000015258789,104.44999694824219
2025/5/6,104.44999694824219,106.18000030517578,104.44999694824219,106.18000030517578
2025/5/7,106.18000030517578,106.18000030517578,99.87000274658203,99.87000274658203
2025/5/8,99.87000274658203,99.87000274658203,98.66000366210938,98.66000366210938
2025/5/9,98.66000366210938,100.4000015258789,98.66000366210938,100.4000015258789
2025/5/12,100.4000015258789,102.9000015258789,100.4000015258789,102.9000015258789
2025/5/13,102.9000015258789,102.9000015258789,100.12999725341797,100.12999725341797
2025/5/14,100.12999725341797,100.7300033569336,100.12999725341797,100.7300033569336
2025/5/15,100.7300033569336,100.7300033569336,98.65000153,98.65000153
2025/5/16,98.65000153,98.65000153,96.69999694824219,96.69999694824219
2025/5/19,96.69999694824219,103.80999755859375,96.69999694824219,103.80999755859375
2025/5/20,103.80999755859375,103.80999755859375,101.37000274658203,101.37000274658203
2025/5/21,101.37000274658203,102.0999984741211,101.37000274658203,102.0999984741211
2025/5/22,102.0999984741211,102.0999984741211,99.47000122070312,99.47000122070312
2025/5/23,99.47000122070312,100.91000366210938,99.47000122070312,100.91000366210938
2025/5/27,100.91000366210938,100.91000366210938,97.93000030517578,97.93000030517578
2025/5/28,97.93000030517578,97.93000030517578,93.19999694824219,93.19999694824219
2025/5/29,93.19999694824219,93.19999694824219,92.66999816894531,92.66999816894531
2025/5/30,92.66999816894531,92.66999816894531,92.11000061035156,92.11000061035156
2025/6/2,92.11000061035156,95.76000213623047,92.11000061035156,95.76000213623047
2025/6/3,95.76000213623047,100,95.76000213623047,100
2025/6/4,100,100,96.98000336,96.98000336
2025/6/5,96.98000336,96.98000336,94.65000153,94.65000153
2025/6/6,94.65000153,94.65000153,89.65000153,89.65000153
2025/6/9,89.65000153,92.62000274658203,89.65000153,92.62000274658203
2025/6/10,92.62000274658203,92.62000274658203,91.22000122070312,91.22000122070312
2025/6/11,91.22000122070312,91.22000122070312,89.36000061035156,89.36000061035156
2025/6/12,89.36000061035156,89.36000061035156,88.98999786376953,88.98999786376953
2025/6/13,88.98999786376953,95.30999755859375,88.98999786376953,95.30999755859375
2025/6/16,95.30999755859375,95.30999755859375,93.48000336,93.48000336
2025/6/17,93.48000336,97.18000030517578,93.48000336,97.18000030517578
2025/6/18,97.18000030517578,97.18000030517578,93.63999938964844,93.63999938964844
2025/6/20,93.63999938964844,93.63999938964844,90.09999847,90.09999847
2025/6/23,90.09999847,95.02999877929688,90.09999847,95.02999877929688
2025/6/24,95.02999877929688,95.02999877929688,92.62000274658203,92.62000274658203
2025/6/25,92.62000274658203,92.62000274658203,91.23999786376953,91.23999786376953
2025/6/26,91.23999786376953,91.23999786376953,89.47000122070312,89.47000122070312
2025/6/27,89.47000122070312,89.47000122070312,87.93000030517578,87.93000030517578
2025/6/30,87.93000030517578,90.26000213623047,87.93000030517578,90.26000213623047
2025/7/1,90.26000213623047,93.48000336,90.26000213623047,93.48000336
2025/7/2,93.48000336,93.48000336,91.37000274658203,91.37000274658203
2025/7/3,91.37000274658203,91.37000274658203,86.08999633789062,86.08999633789062
2025/7/7,86.08999633789062,88.52999877929688,86.08999633789062,88.52999877929688
2025/7/8,88.52999877929688,88.52999877929688,88.05000305175781,88.05000305175781
2025/7/9,88.05000305175781,88.05000305175781,84.30999755859375,84.30999755859375
2025/7/10,84.30999755859375,84.30999755859375,81.58000183105469,81.58000183105469
2025/7/11,81.58000183105469,85.48000336,81.58000183105469,85.48000336
2025/7/14,85.48000336,90.73000336,85.48000336,90.73000336
2025/7/15,90.73000336,90.73000336,88.94999694824219,88.94999694824219
2025/7/16,88.94999694824219,89.51999664,88.94999694824219,89.51999664
2025/7/17,89.51999664,89.51999664,85.56999969482422,85.56999969482422
2025/7/18,85.56999969482422,85.56999969482422,83.29000091552734,83.29000091552734
2025/7/21,83.29000091552734,86.62000274658203,83.29000091552734,86.62000274658203
2025/7/22,86.62000274658203,89.88999938964844,86.62000274658203,89.88999938964844
2025/7/23,89.88999938964844,89.88999938964844,85.94999694824219,85.94999694824219
2025/7/24,85.94999694824219,85.94999694824219,82.75,82.75
2025/7/25,82.75,82.75,82.08999633789062,82.08999633789062
2025/7/28,82.08999633789062,83.73000336,82.08999633789062,83.73000336
2025/7/29,83.73000336,85.06999969482422,83.73000336,85.06999969482422
2025/7/30,85.06999969482422,85.06999969482422,81.87999725341797,81.87999725341797
2025/7/31,81.87999725341797,81.87999725341797,79.83999633789062,79.83999633789062
2025/8/1,79.83999633789062,83.83000183105469,79.83999633789062,83.83000183105469
2025/8/4,83.83000183105469,87.94999694824219,83.83000183105469,87.94999694824219
2025/8/5,87.94999694824219,89.19999694824219,87.94999694824219,89.19999694824219
2025/8/6,89.19999694824219,89.19999694824219,83.88999938964844,83.88999938964844
2025/8/7,83.88999938964844,83.88999938964844,80.15000153,80.15000153
2025/8/8,80.15000153,80.15000153,79.19999694824219,79.19999694824219
2025/8/11,79.19999694824219,81.76000213623047,79.19999694824219,81.76000213623047
2025/8/12,81.76000213623047,81.76000213623047,77.41999816894531,77.41999816894531
2025/8/13,77.41999816894531,77.41999816894531,77.30999755859375,77.30999755859375
2025/8/14,77.30999755859375,77.30999755859375,76.76999664,76.76999664
2025/8/15,76.76999664,76.76999664,76.66000366210938,76.66000366210938
2025/8/18,76.66000366210938,81.81999969482422,76.66000366210938,81.81999969482422
2025/8/19,81.81999969482422,82.15000153,81.81999969482422,82.15000153
2025/8/20,82.15000153,82.15000153,80.75,80.75
2025/8/21,80.75,80.75,80.51999664,80.51999664
2025/8/22,80.51999664,80.51999664,78.09999847,78.09999847
2025/8/25,78.09999847,78.09999847,77.55999755859375,77.55999755859375
2025/8/26,77.55999755859375,79.36000061035156,77.55999755859375,79.36000061035156
2025/8/27,79.36000061035156,79.36000061035156,77.66000366210938,77.66000366210938
2025/8/28,77.66000366210938,77.66000366210938,77.55000305175781,77.55000305175781
2025/8/29,77.55000305175781,79.38999938964844,77.55000305175781,79.38999938964844
2025/9/2,79.38999938964844,85.27999877929688,79.38999938964844,85.27999877929688
2025/9/3,85.27999877929688,89.66999816894531,85.27999877929688,89.66999816894531
2025/9/4,89.66999816894531,89.66999816894531,88.26000213623047,88.26000213623047
2025/9/5,88.26000213623047,88.26000213623047,85.29000091552734,85.29000091552734
2025/9/8,85.29000091552734,85.29000091552734,84,84
2025/9/9,84,84,82.19999694824219,82.19999694824219
2025/9/10,82.19999694824219,82.19999694824219,79.58000183105469,79.58000183105469
2025/9/11,79.58000183105469,79.58000183105469,75.06999969482422,75.06999969482422
2025/9/12,75.06999969482422,75.06999969482422,73.37000274658203,73.37000274658203
2025/9/15,73.37000274658203,76.87999725341797,73.37000274658203,76.87999725341797
2025/9/16,76.87999725341797,77.08999633789062,76.87999725341797,77.08999633789062
2025/9/17,77.08999633789062,77.08999633789062,75.94999694824219,75.94999694824219
2025/9/18,75.94999694824219,75.94999694824219,71.91000366210938,71.91000366210938
2025/9/19,71.91000366210938,72.51000213623047,71.91000366210938,72.51000213623047
2025/9/22,72.51000213623047,75.80000305175781,72.51000213623047,75.80000305175781
2025/9/23,75.80000305175781,75.80000305175781,75.66000366210938,75.66000366210938
2025/9/24,75.66000366210938,75.66000366210938,75.12999725341797,75.12999725341797
2025/9/25,75.12999725341797,75.44000244140625,75.12999725341797,75.44000244140625
2025/9/26,75.44000244140625,75.44000244140625,74.37999725341797,74.37999725341797
2025/9/29,74.37999725341797,75.51000213623047,74.37999725341797,75.51000213623047
2025/9/30,75.51000213623047,77.93000030517578,75.51000213623047,77.93000030517578
2025/10/1,77.93000030517578,77.93000030517578,73.5,73.5
2025/10/2,73.5,73.5,71.20999908447266,71.20999908447266
2025/10/3,71.20999908447266,71.20999908447266,69.52999877929688,69.52999877929688
2025/10/6,69.52999877929688,72.98999786376953,69.52999877929688,72.98999786376953
2025/10/7,72.98999786376953,75.43000030517578,72.98999786376953,75.43000030517578
2025/10/8,75.43000030517578,75.43000030517578,74.87000274658203,74.87000274658203
2025/10/9,74.87000274658203,74.87000274658203,74.12000274658203,74.12000274658203
2025/10/10,74.12000274658203,81.65000153,74.12000274658203,81.65000153
2025/10/14,81.65000153,81.65000153,79.94999694824219,79.94999694824219
2025/10/15,79.94999694824219,79.94999694824219,75.11000061035156,75.11000061035156
2025/10/16,75.11000061035156,81.23000336,75.11000061035156,81.23000336
2025/10/17,81.23000336,81.23000336,78.62000274658203,78.62000274658203
2025/10/20,78.62000274658203,78.62000274658203,77.22000122070312,77.22000122070312
2025/10/21,77.22000122070312,77.22000122070312,77.18000030517578,77.18000030517578
2025/10/22,77.18000030517578,77.18000030517578,75.48999786376953,75.48999786376953
2025/10/23,75.48999786376953,75.48999786376953,74.05000305175781,74.05000305175781
2025/10/24,74.05000305175781,74.05000305175781,68.94000244140625,68.94000244140625
2025/10/27,68.94000244140625,68.94000244140625,66.87000274658203,66.87000274658203
2025/10/28,66.87000274658203,67.30000305175781,66.87000274658203,67.30000305175781
2025/10/29,67.30000305175781,67.30000305175781,65.75,65.75
2025/10/30,65.75,66.87999725341797,65.75,66.87999725341797
2025/10/31,66.87999725341797,66.87999725341797,66.61000061035156,66.61000061035156
2025/11/3,66.61000061035156,67.23000336,66.61000061035156,67.23000336
2025/11/4,67.23000336,68.01999664,67.23000336,68.01999664
2025/11/5,68.01999664,72.41999816894531,68.01999664,72.41999816894531
2025/11/6,72.41999816894531,72.44000244140625,72.41999816894531,72.44000244140625
2025/11/7,72.44000244140625,74.41000366210938,72.44000244140625,74.41000366210938
2025/11/10,74.41000366210938,78.86000061035156,74.41000366210938,78.86000061035156
2025/11/12,78.86000061035156,81.12000274658203,78.86000061035156,81.12000274658203
2025/11/13,81.12000274658203,81.12000274658203,79.09999847,79.09999847
2025/11/14,79.09999847,79.70999908447266,79.09999847,79.70999908447266
2025/11/17,79.70999908447266,82.58000183105469,79.70999908447266,82.58000183105469
2025/11/18,82.58000183105469,83.18000030517578,82.58000183105469,83.18000030517578
2025/11/19,83.18000030517578,84.31999969482422,83.18000030517578,84.31999969482422
2025/11/20,84.31999969482422,84.31999969482422,77.80999755859375,77.80999755859375
2025/11/21,77.80999755859375,78.80999755859375,77.80999755859375,78.80999755859375
2025/11/24,78.80999755859375,78.80999755859375,76.81999969482422,76.81999969482422
2025/11/25,76.81999969482422,76.81999969482422,72.81999969482422,72.81999969482422
2025/11/26,72.81999969482422,72.81999969482422,71.90000153,71.90000153
2025/11/28,71.90000153,71.90000153,68.94999694824219,68.94999694824219
2025/12/1,68.94999694824219,71.34999847,68.94999694824219,71.34999847
2025/12/2,71.34999847,71.34999847,69.91000366210938,69.91000366210938
2025/12/3,69.91000366210938,69.91000366210938,66.45999908447266,66.45999908447266
2025/12/4,66.45999908447266,66.45999908447266,65.69000244140625,65.69000244140625
2025/12/5,65.69000244140625,67.27999877929688,65.69000244140625,67.27999877929688
2025/12/8,67.27999877929688,72.30000305175781,67.27999877929688,72.30000305175781
2025/12/9,72.30000305175781,75.37999725341797,72.30000305175781,75.37999725341797
2025/12/10,75.37999725341797,75.37999725341797,68.62000274658203,68.62000274658203
2025/12/11,68.62000274658203,69.23999786376953,68.62000274658203,69.23999786376953
2025/12/12,69.23999786376953,69.25,69.23999786376953,69.25
2025/12/15,69.25,73.30999755859375,69.25,73.30999755859375
2025/12/16,73.30999755859375,73.30999755859375,67.13999938964844,67.13999938964844
2025/12/17,67.13999938964844,67.13999938964844,62.74000168,62.74000168
2025/12/18,62.74000168,62.74000168,60.00999832,60.00999832
2025/12/19,60.00999832,60.00999832,59.40999984741211,59.40999984741211
2025/12/22,59.40999984741211,61.70000076293945,59.40999984741211,61.70000076293945
2025/12/23,61.70000076293945,61.70000076293945,61.16999816894531,61.16999816894531
2025/12/24,61.16999816894531,61.16999816894531,59.47999954223633,59.47999954223633
2025/12/26,59.47999954223633,59.47999954223633,58.5,58.5
2025/12/29,58.5,59.209999084472656,58.5,59.209999084472656
2025/12/30,59.209999084472656,63.97999954223633,59.209999084472656,63.97999954223633
2025/12/31,63.97999954223633,63.97999954223633,63.959999084472656,63.959999084472656
2026/1/2,63.959999084472656,63.959999084472656,62.36000061035156,62.36000061035156
2026/1/5,62.36000061035156,64.70999908447266,62.36000061035156,64.70999908447266
2026/1/6,64.70999908447266,65.81999969482422,64.70999908447266,65.81999969482422
2026/1/7,65.81999969482422,66.15000153,65.81999969482422,66.15000153
2026/1/8,66.15000153,66.94000244140625,66.15000153,66.94000244140625
2026/1/9,66.94000244140625,66.94000244140625,61.54999923706055,61.54999923706055
2026/1/12,61.54999923706055,62.900001525878906,61.54999923706055,62.900001525878906
2026/1/13,62.900001525878906,62.900001525878906,60.790000915527344,60.790000915527344
2026/1/14,60.790000915527344,60.790000915527344,58.11000061035156,58.11000061035156
2026/1/15,58.11000061035156,58.11000061035156,56.13999938964844,56.13999938964844
2026/1/16,56.13999938964844,58.04999923706055,56.13999938964844,58.04999923706055
2026/1/20,58.04999923706055,66.66999816894531,58.04999923706055,66.66999816894531
2026/1/21,66.66999816894531,66.66999816894531,59.560001373291016,59.560001373291016
2026/1/22,59.560001373291016,59.560001373291016,56.5,56.5
2026/1/23,56.5,56.5,56.25,56.25
2026/1/26,56.25,56.25,55.77000045776367,55.77000045776367
2026/1/27,55.77000045776367,56.119998931884766,55.77000045776367,56.119998931884766
2026/1/28,56.119998931884766,57.43000030517578,56.119998931884766,57.43000030517578
2026/1/29,57.43000030517578,60.72999954223633,57.43000030517578,60.72999954223633
2026/1/30,60.72999954223633,60.72999954223633,59.20000076293945,59.20000076293945
2026/2/2,59.20000076293945,59.29999923706055,59.20000076293945,59.29999923706055
2026/2/3,59.29999923706055,59.29999923706055,57.540000915527344,57.540000915527344
2026/2/4,57.540000915527344,57.540000915527344,57.50999832,57.50999832
2026/2/5,57.50999832,62.15999984741211,57.50999832,62.15999984741211
2026/2/6,62.15999984741211,63.619998931884766,62.15999984741211,63.619998931884766
2026/2/9,63.619998931884766,63.619998931884766,62.74000168,62.74000168
2026/2/10,62.74000168,64.55000305175781,62.74000168,64.55000305175781
2026/2/11,64.55000305175781,64.55000305175781,61.349998474121094,61.349998474121094
2026/2/12,61.349998474121094,68.56999969482422,61.349998474121094,68.56999969482422
2026/2/13,68.56999969482422,70.09999847,68.56999969482422,70.09999847
2026/2/17,70.09999847,70.09999847,68.83999633789062,68.83999633789062
2026/2/18,68.83999633789062,68.83999633789062,64.19000244140625,64.19000244140625
2026/2/19,64.19000244140625,68.02999877929688,64.19000244140625,68.02999877929688
2026/2/20,68.02999877929688,68.02999877929688,64.26999664,64.26999664
2026/2/23,64.26999664,68.02999877929688,64.26999664,68.02999877929688
2026/2/24,68.02999877929688,68.02999877929688,65.26999664,65.26999664
2026/2/25,65.26999664,65.26999664,62.43000030517578,62.43000030517578
2026/2/26,62.43000030517578,63.93000030517578,62.43000030517578,63.93000030517578
2026/2/27,63.93000030517578,73.37999725341797,63.93000030517578,73.37999725341797
2026/3/2,73.37999725341797,73.37999725341797,73.20999908447266,73.20999908447266
2026/3/3,73.20999908447266,77.75,73.20999908447266,77.75
2026/3/4,77.75,77.75,70.02999877929688,70.02999877929688
2026/3/5,70.02999877929688,74.52999877929688,70.02999877929688,74.52999877929688
2026/3/6,74.52999877929688,81.26000213623047,74.52999877929688,81.26000213623047
2026/3/9,81.26000213623047,81.26000213623047,79.73999786376953,79.73999786376953
2026/3/10,79.73999786376953,79.73999786376953,76.33000183105469,76.33000183105469
2026/3/11,76.33000183105469,78.58999633789062,76.33000183105469,78.58999633789062
2026/3/12,78.58999633789062,95.30000305175781,78.58999633789062,95.30000305175781
2026/3/13,95.30000305175781,95.30000305175781,91.16999816894531,91.16999816894531
2026/3/16,91.16999816894531,91.16999816894531,85.25,85.25
2026/3/17,85.25,85.25,79.23000336,79.23000336
2026/3/18,79.23000336,81.25,79.23000336,81.25
2026/3/19,81.25,84.87999725341797,81.25,84.87999725341797
2026/3/20,84.87999725341797,108.83999633789062,84.87999725341797,108.83999633789062
2026/3/23,108.83999633789062,108.83999633789062,98.15000153,98.15000153
2026/3/24,98.15000153,103.01000213623047,98.15000153,103.01000213623047
2026/3/25,103.01000213623047,103.01000213623047,97.58999633789062,97.58999633789062
2026/3/26,97.58999633789062,115.0199966430664,97.58999633789062,115.0199966430664
2026/3/27,115.0199966430664,115.0199966430664,111.94999694824219,111.94999694824219
2026/3/30,111.94999694824219,111.94999694824219,108.33000183105469,108.33000183105469
2026/3/31,108.33000183105469,108.33000183105469,96.05000305175781,96.05000305175781
2026/4/1,96.05000305175781,96.05000305175781,90.19000244140625,90.19000244140625
2026/4/2,90.19000244140625,90.19000244140625,84.41000366210938,84.41000366210938
2026/4/6,81.77999877929688,81.77999877929688,81.68000030517578,81.68000030517578
2026/4/7,81.68000030517578,83.15000153,81.68000030517578,83.15000153
2026/4/8,83.15000153,83.15000153,78.73999786376953,78.73999786376953
2026/4/9,78.73999786376953,78.73999786376953,74.01000213623047,74.01000213623047
2026/4/10,74.01000213623047,74.01000213623047,72.15000153,72.15000153
2026/4/13,72.15000153,74.41999816894531,72.15000153,74.41999816894531
2026/4/14,74.41999816894531,74.41999816894531,74.34999847,74.34999847
2026/4/15,74.34999847,74.34999847,67.94000244140625,67.94000244140625
2026/4/16,67.94000244140625,67.94000244140625,65.88999938964844,65.88999938964844
2026/4/17,65.88999938964844,65.88999938964844,65.69999694824219,65.69999694824219
2026/4/20,65.69999694824219,67.90000153,65.69999694824219,67.90000153
2026/4/21,67.90000153,70.77999877929688,67.90000153,70.77999877929688
2026/4/22,70.77999877929688,70.77999877929688,69.87999725341797,69.87999725341797
2026/4/23,69.87999725341797,69.87999725341797,67.69999694824219,67.69999694824219
2026/4/24,67.69999694824219,67.69999694824219,66.97000122070312,66.97000122070312
2026/4/27,66.97000122070312,68.41999816894531,66.97000122070312,68.41999816894531
2026/4/28,68.41999816894531,68.68000030517578,68.41999816894531,68.68000030517578
2026/4/29,68.68000030517578,74.33000183105469,68.68000030517578,74.33000183105469
2026/4/30,74.33000183105469,74.33000183105469,72.06999969482422,72.06999969482422
2026/5/1,72.06999969482422,72.06999969482422,70.41000366210938,70.41000366210938
2026/5/4,70.41000366210938,77.86000061035156,70.41000366210938,77.86000061035156
2026/5/5,77.86000061035156,77.86000061035156,76.77999877929688,76.77999877929688
2026/5/6,76.77999877929688,76.77999877929688,70.62999725341797,70.62999725341797
2026/5/7,70.62999725341797,72.23999786376953,70.62999725341797,72.23999786376953
2026/5/8,72.23999786376953,72.23999786376953,67.25,67.25
2026/5/11,67.25,70.73999786376953,67.25,70.73999786376953
2026/5/12,70.73999786376953,71.68000030517578,70.73999786376953,71.68000030517578
2026/5/13,71.68000030517578,71.68000030517578,70.23999786376953,70.23999786376953
2026/5/14,70.23999786376953,70.23999786376953,69.62999725341797,69.62999725341797
2026/5/15,69.62999725341797,79.87000274658203,69.62999725341797,79.87000274658203
2026/5/18,79.87000274658203,86.06999969482422,79.87000274658203,86.06999969482422
2026/5/19,86.06999969482422,86.06999969482422,85.31999969482422,85.31999969482422
2026/5/20,85.31999969482422,85.31999969482422,81.52999877929688,81.52999877929688
2026/5/21,81.52999877929688,81.52999877929688,79.72000122070312,79.72000122070312
2026/5/22,79.72000122070312,79.72000122070312,78.43000030517578,78.43000030517578
2026/5/26,78.43000030517578,78.43000030517578,74.94999694824219,74.94999694824219
2026/5/27,74.94999694824219,74.94999694824219,70.90000153,70.90000153
2026/5/28,70.90000153,70.90000153,69.73999786376953,69.73999786376953
2026/5/29,69.73999786376953,70.22000122070312,69.73999786376953,70.22000122070312
2026/6/1,70.22000122070312,73.33000183105469,70.22000122070312,73.33000183105469
2026/6/2,73.33000183105469,73.43000030517578,73.33000183105469,73.43000030517578
2026/6/3,73.43000030517578,73.58000183105469,73.43000030517578,73.58000183105469
2026/6/4,73.58000183105469,73.58000183105469,71.16000366210938,71.16000366210938
2026/6/5,71.16000366210938,75.19999694824219,71.16000366210938,75.19999694824219
2026/6/8,75.19999694824219,76.98000336,75.19999694824219,76.98000336
2026/6/9,76.98000336,77.02999877929688,76.98000336,77.02999877929688
2026/6/10,77.02999877929688,77.02999877929688,73.94999694824219,73.94999694824219
2026/6/11,73.94999694824219,73.94999694824219,69.44999694824219,69.44999694824219
2026/6/12,69.44999694824219,69.44999694824219,69.36000061035156,69.36000061035156
2026/6/15,69.36000061035156,69.37999725341797,69.36000061035156,69.37999725341797
2026/6/16,69.37999725341797,69.37999725341797,67.27999877929688,67.27999877929688
2026/6/17,67.27999877929688,70.66000366210938,67.27999877929688,70.66000366210938
2026/6/18,70.66000366210938,70.66000366210938,65.38999938964844,65.38999938964844
2026/6/22,65.38999938964844,70.01999664,65.38999938964844,70.01999664
2026/6/23,70.01999664,70.01999664,68.77999877929688,68.77999877929688
2026/6/24,68.77999877929688,69.05999755859375,68.77999877929688,69.05999755859375
2026/6/25,69.05999755859375,69.05999755859375,67.09999847,67.09999847
2026/6/26,67.09999847,67.09999847,66.79000091552734,66.79000091552734
2026/6/29,66.79000091552734,68.13999938964844,66.79000091552734,68.13999938964844
2026/6/30,68.13999938964844,71.95999908447266,68.13999938964844,71.95999908447266
2026/7/1,71.95999908447266,71.95999908447266,68.55999755859375,68.55999755859375
2026/7/2,68.55999755859375,68.55999755859375,65.40000153,65.40000153
2026/7/6,65.40000153,65.76000213623047,65.40000153,65.76000213623047
2026/7/7,65.76000213623047,70.25,65.76000213623047,70.25
2026/7/8,70.25,72.41000366210938,70.25,72.41000366210938
2026/7/9,72.41000366210938,72.41000366210938,68.88999938964844,68.88999938964844
2026/7/10,68.88999938964844,69.55000305175781,68.88999938964844,69.55000305175781
2026/7/13,69.55000305175781,77.76999664,69.55000305175781,77.76999664
2026/7/14,77.76999664,77.76999664,75.02999877929688,75.02999877929688
2026/7/15,75.02999877929688,75.02999877929688,68.48000336,68.48000336
2026/7/16,68.48000336,68.48000336,68.16000366210938,68.16000366210938
2026/7/17,68.16000366210938,70.87999725341797,68.16000366210938,70.87999725341797