Date,Open,High,Low,Close
2020/1/2,13.460000038146973,13.720000267028809,12.420000076293945,12.470000267028809
2020/1/3,15.010000228881836,16.200000762939453,13.130000114440918,14.020000457763672
2020/1/6,15.449999809265137,16.389999389648438,13.539999961853027,13.850000381469727
2020/1/7,13.84000015258789,14.460000038146973,13.390000343322754,13.789999961853027
2020/1/8,15.15999984741211,15.239999771118164,12.829999923706055,13.449999809265137
2020/1/9,12.949999809265137,13.239999771118164,12.529999732971191,12.539999961853027
2020/1/10,12.420000076293945,12.869999885559082,12.09000015258789,12.56000042
2020/1/13,12.84000015258789,13.09000015258789,12.319999694824219,12.319999694824219
2020/1/14,12.720000267028809,13.819999694824219,12.050000190734863,12.390000343322754
2020/1/15,12.789999961853027,12.829999923706055,11.949999809265137,12.420000076293945
2020/1/16,12.199999809265137,12.420000076293945,11.779999732971191,12.319999694824219
2020/1/17,12.210000038146973,12.479999542236328,11.75,12.100000381469727
2020/1/21,13.229999542236328,13.329999923706055,12.319999694824219,12.850000381469727
2020/1/22,12.449999809265137,13.010000228881836,12.31000042,12.90999984741211
2020/1/23,13.260000228881836,14.149999618530273,12.93999958,12.979999542236328
2020/1/24,12.75,15.979999542236328,12.619999885559082,14.56000042
2020/1/27,17.420000076293945,19.020000457763672,16.81999969482422,18.229999542236328
2020/1/28,16.940000534057617,18.030000686645508,15.68999958,16.280000686645508
2020/1/29,15.680000305175781,16.649999618530273,14.93999958,16.389999389648438
2020/1/30,17.81999969482422,18.389999389648438,15.300000190734863,15.489999771118164
2020/1/31,16.25,19.989999771118164,16.18000030517578,18.84000015258789
2020/2/3,18.639999389648438,18.87999916,17.100000381469727,17.969999313354492
2020/2/4,16.450000762939453,16.459999084472656,15.630000114440918,16.049999237060547
2020/2/5,16.290000915527344,16.31999969482422,15.020000457763672,15.149999618530273
2020/2/6,15.130000114440918,15.65999984741211,14.699999809265137,14.960000038146973
2020/2/7,15.069999694824219,16.15999984741211,14.81000042,15.470000267028809
2020/2/10,15.880000114440918,16.43000030517578,15.010000228881836,15.039999961853027
2020/2/11,14.90999984741211,15.270000457763672,14.380000114440918,15.180000305175781
2020/2/12,14.859999656677246,14.880000114440918,13.729999542236328,13.739999771118164
2020/2/13,14.430000305175781,15.43999958,14,14.149999618530273
2020/2/14,14.119999885559082,14.539999961853027,13.380000114440918,13.680000305175781
2020/2/18,14.979999542236328,15.489999771118164,14.529999732971191,14.829999923706055
2020/2/19,14.65999984741211,14.739999771118164,14.210000038146973,14.380000114440918
2020/2/20,14.539999961853027,17.209999084472656,14.489999771118164,15.56000042
2020/2/21,17.329999923706055,18.209999084472656,16.190000534057617,17.079999923706055
2020/2/24,22.25,26.350000381469727,22,25.030000686645508
2020/2/25,22.190000534057617,30.25,22.190000534057617,27.850000381469727
2020/2/26,26.62999916,29.56999969482422,24.760000228881836,27.559999465942383
2020/2/27,28.950000762939453,39.310001373291016,27.790000915527344,39.15999984741211
2020/2/28,42.02000045776367,49.47999954223633,39.369998931884766,40.11000061035156
2020/3/2,38.540000915527344,40.40999984741211,31.5,33.41999816894531
2020/3/3,33.650001525878906,41.060001373291016,24.93000030517578,36.81999969482422
2020/3/4,34.439998626708984,35.58000183105469,30.299999237060547,31.989999771118164
2020/3/5,33.61000061035156,42.84000015258789,33.540000915527344,39.619998931884766
2020/3/6,48.93000030517578,54.38999938964844,40.84000015258789,41.939998626708984
2020/3/9,41.939998626708984,62.119998931884766,41.939998626708984,54.459999084472656
2020/3/10,49.68000030517578,55.65999984741211,43.560001373291016,47.29999923706055
2020/3/11,52.24000168,55.81999969482422,49.97999954223633,53.900001525878906
2020/3/12,61.459999084472656,76.83000183105469,59.90999984741211,75.47000122070312
2020/3/13,71.30999755859375,77.56999969482422,55.16999816894531,57.83000183105469
2020/3/16,57.83000183105469,83.55999755859375,57.83000183105469,82.69000244140625
2020/3/17,82.69000244140625,84.83000183105469,70.37000274658203,75.91000366210938
2020/3/18,69.37000274658203,85.47000122070312,69.37000274658203,76.44999694824219
2020/3/19,80.62000274658203,84.26000213623047,68.56999969482422,72
2020/3/20,67.86000061035156,69.51000213623047,57.41999816894531,66.04000091552734
2020/3/23,74.08000183105469,76.73999786376953,60.459999084472656,61.59000015258789
2020/3/24,58.75999832,61.880001068115234,36.24000168,61.66999816894531
2020/3/25,61.439998626708984,68.86000061035156,58.029998779296875,63.95000076293945
2020/3/26,65.66999816894531,67.05999755859375,57.65999984741211,61
2020/3/27,64.94999694824219,69.09999847,61.79999923706055,65.54000091552734
2020/3/30,66.30000305175781,67.69000244140625,56.599998474121094,57.08000183105469
2020/3/31,56.689998626708984,58.75,50.880001068115234,53.540000915527344
2020/4/1,57.380001068115234,60.59000015258789,52.75999832,57.060001373291016
2020/4/2,54.459999084472656,57.24000168,50.45000076293945,50.90999984741211
2020/4/3,51.11000061035156,52.290000915527344,46.74000168,46.79999923706055
2020/4/6,44.16999816894531,45.72999954223633,43.45000076293945,45.24000168
2020/4/7,44.83000183105469,47.50999832,43.50999832,46.70000076293945
2020/4/8,45.900001525878906,47.279998779296875,42.529998779296875,43.349998474121094
2020/4/9,43,45.72999954223633,41.38999938964844,41.66999816894531
2020/4/13,44.599998474121094,45.040000915527344,41.16999816894531,41.16999816894531
2020/4/14,40.24000168,40.56999969482422,37.310001373291016,37.75999832
2020/4/15,42.56999969482422,43.22999954223633,40.04999923706055,40.84000015258789
2020/4/16,41.91999816894531,43.02000045776367,39.869998931884766,40.11000061035156
2020/4/17,39.5,40.25999832,37.630001068115234,38.150001525878906
2020/4/20,40.68000030517578,43.83000183105469,39.880001068115234,43.83000183105469
2020/4/21,44.279998779296875,47.77000045776367,43.77000045776367,45.40999984741211
2020/4/22,44.90999984741211,45.06999969482422,41.40999984741211,41.97999954223633
2020/4/23,41.29999923706055,42.470001220703125,39.060001373291016,41.380001068115234
2020/4/24,38.79999923706055,40.16999816894531,35.599998474121094,35.93000030517578
2020/4/27,36.290000915527344,36.439998626708984,32.50999832,33.290000915527344
2020/4/28,33.209999084472656,35.38999938964844,30.540000915527344,33.56999969482422
2020/4/29,32.47999954223633,33.189998626708984,30.709999084472656,31.229999542236328
2020/4/30,30.989999771118164,35.939998626708984,30.93000030517578,34.150001525878906
2020/5/1,38.16999816894531,39.56999969482422,36.59000015258789,37.189998626708984
2020/5/4,39.130001068115234,40.31999969482422,35.529998779296875,35.970001220703125
2020/5/5,34.81999969482422,36.220001220703125,31.950000762939453,33.61000061035156
2020/5/6,32.689998626708984,35.689998626708984,31.68000030517578,34.119998931884766
2020/5/7,32.119998931884766,32.279998779296875,30.37000084,31.440000534057617
2020/5/8,30.139999389648438,30.389999389648438,27.889999389648438,27.979999542236328
2020/5/11,28.459999084472656,31.459999084472656,26.969999313354492,27.56999969482422
2020/5/12,28.469999313354492,33.040000915527344,26,33.040000915527344
2020/5/13,32.74000168,37.41999816894531,30.770000457763672,35.279998779296875
2020/5/14,35.15999984741211,39.279998779296875,32.33000183105469,32.61000061035156
2020/5/15,32.5,35.130001068115234,31.040000915527344,31.889999389648438
2020/5/18,30.709999084472656,31.079999923706055,28.350000381469727,29.299999237060547
2020/5/19,28.729999542236328,30.739999771118164,28.37000084,30.530000686645508
2020/5/20,29.520000457763672,29.829999923706055,27.829999923706055,27.989999771118164
2020/5/21,28.969999313354492,30.200000762939453,27.670000076293945,29.530000686645508
2020/5/22,31.360000610351562,31.549999237060547,28.030000686645508,28.15999984741211
2020/5/26,27.719999313354492,28.579999923706055,27.18000030517578,28.010000228881836
2020/5/27,27.62000084,30.530000686645508,25.920000076293945,27.62000084
2020/5/28,27.81999969482422,29.889999389648438,27.43000030517578,28.59000015258789
2020/5/29,29.299999237060547,30.15999984741211,27.290000915527344,27.510000228881836
2020/6/1,28.940000534057617,30.600000381469727,28.110000610351562,28.229999542236328
2020/6/2,28.399999618530273,28.520000457763672,26.65999984741211,26.84000015258789
2020/6/3,26.75,26.979999542236328,25.040000915527344,25.65999984741211
2020/6/4,26.229999542236328,26.43000030517578,24.37999916,25.809999465942383
2020/6/5,24.790000915527344,25.09000015258789,23.540000915527344,24.520000457763672
2020/6/8,25.559999465942383,25.979999542236328,24.649999618530273,25.809999465942383
2020/6/9,25.93000030517578,27.700000762939453,25.709999084472656,27.56999969482422
2020/6/10,26.729999542236328,29.010000228881836,26.059999465942383,27.56999969482422
2020/6/11,30.450000762939453,42.58000183105469,29.489999771118164,40.790000915527344
2020/6/12,37.68000030517578,44.15999984741211,34.970001220703125,36.09000015258789
2020/6/15,44.09000015258789,44.439998626708984,34.279998779296875,34.400001525878906
2020/6/16,34.279998779296875,37.45000076293945,31.729999542236328,33.66999816894531
2020/6/17,33.279998779296875,35.16999816894531,32.25,33.470001220703125
2020/6/18,33.83000183105469,36.25,32.24000168,32.939998626708984
2020/6/19,32.06999969482422,35.119998931884766,30.399999618530273,35.119998931884766
2020/6/22,35.220001220703125,35.38999938964844,31.639999389648438,31.770000457763672
2020/6/23,31.709999084472656,31.709999084472656,29.260000228881836,31.37000084
2020/6/24,31.049999237060547,37.119998931884766,30.950000762939453,33.84000015258789
2020/6/25,36.59000015258789,36.93000030517578,31.59000015258789,32.220001220703125
2020/6/26,33.00999832,36.25,31.040000915527344,34.72999954223633
2020/6/29,35.04999923706055,36.310001373291016,31.780000686645508,31.780000686645508
2020/6/30,32.540000915527344,32.939998626708984,29.559999465942383,30.43000030517578
2020/7/1,30.959999084472656,31.760000228881836,28.200000762939453,28.62000084
2020/7/2,28.329999923706055,28.440000534057617,25.899999618530273,27.68000030517578
2020/7/6,27.760000228881836,28.329999923706055,24.920000076293945,27.940000534057617
2020/7/7,28.770000457763672,29.62999916,27.25,29.43000030517578
2020/7/8,28.950000762939453,30.200000762939453,27.239999771118164,28.079999923706055
2020/7/9,28.18000030517578,31.479999542236328,26.110000610351562,29.260000228881836
2020/7/10,30.860000610351562,30.90999984741211,27.12999916,27.290000915527344
2020/7/13,27.850000381469727,32.45000076293945,26.87000084,32.189998626708984
2020/7/14,31.139999389648438,33.66999816894531,29.209999084472656,29.520000457763672
2020/7/15,29.149999618530273,30.09000015258789,27.170000076293945,27.760000228881836
2020/7/16,28.40999984741211,29.290000915527344,26.979999542236328,28
2020/7/17,27.149999618530273,27.540000915527344,25.40999984741211,25.68000030517578
2020/7/20,26.940000534057617,27.079999923706055,24.350000381469727,24.459999084472656
2020/7/21,24.079999923706055,25.649999618530273,23.610000610351562,24.84000015258789
2020/7/22,24.559999465942383,26.260000228881836,24.12999916,24.31999969482422
2020/7/23,23.969999313354492,26.950000762939453,23.600000381469727,26.079999923706055
2020/7/24,27.959999084472656,28.579999923706055,25.530000686645508,25.84000015258789
2020/7/27,26.600000381469727,26.940000534057617,24.549999237060547,24.739999771118164
2020/7/28,24.860000610351562,25.850000381469727,24.049999237060547,25.440000534057617
2020/7/29,25.15999984741211,25.420000076293945,23.729999542236328,24.100000381469727
2020/7/30,25.040000915527344,28.290000915527344,24.639999389648438,24.760000228881836
2020/7/31,24.790000915527344,26.40999984741211,23.549999237060547,24.459999084472656
2020/8/3,25.75,26.010000228881836,22.170000076293945,24.280000686645508
2020/8/4,24.010000228881836,24.760000228881836,22.920000076293945,23.760000228881836
2020/8/5,23.440000534057617,23.610000610351562,22.860000610351562,22.989999771118164
2020/8/6,23.030000686645508,24.110000610351562,20.969999313354492,22.649999618530273
2020/8/7,23.450000762939453,24.020000457763672,22.020000457763672,22.209999084472656
2020/8/10,22.87999916,23.520000457763672,21.459999084472656,22.12999916
2020/8/11,21.850000381469727,24.93000030517578,20.280000686645508,24.030000686645508
2020/8/12,22.81999969482422,22.87999916,21.540000915527344,22.280000686645508
2020/8/13,22.200000762939453,22.920000076293945,21.450000762939453,22.12999916
2020/8/14,22.270000457763672,23.549999237060547,21.790000915527344,22.049999237060547
2020/8/17,22.520000457763672,22.81999969482422,21.34000015258789,21.350000381469727
2020/8/18,21.690000534057617,22.549999237060547,21.18000030517578,21.510000228881836
2020/8/19,21.600000381469727,22.979999542236328,20.989999771118164,22.540000915527344
2020/8/20,24.100000381469727,24.600000381469727,22.37000084,22.719999313354492
2020/8/21,22.579999923706055,24.469999313354492,22.059999465942383,22.540000915527344
2020/8/24,22.87000084,23.18000030517578,21.25,22.37000084
2020/8/25,22.15999984741211,23.43000030517578,21.530000686645508,22.030000686645508
2020/8/26,22.139999389648438,23.270000457763672,20.920000076293945,23.270000457763672
2020/8/27,23.420000076293945,27.09000015258789,21.440000534057617,24.469999313354492
2020/8/28,24.59000015258789,26.299999237060547,22.639999389648438,22.959999084472656
2020/8/31,23.90999984741211,26.5,21.770000457763672,26.40999984741211
2020/9/1,25.860000610351562,26.59000015258789,25.020000457763672,26.12000084
2020/9/2,26.010000228881836,27.06999969482422,25.530000686645508,26.56999969482422
2020/9/3,26.280000686645508,35.939998626708984,25.65999984741211,33.599998474121094
2020/9/4,34.619998931884766,38.279998779296875,29.5,30.75
2020/9/8,30.610000610351562,35.93000030517578,30.520000457763672,31.459999084472656
2020/9/9,31.68000030517578,31.780000686645508,28.12000084,28.809999465942383
2020/9/10,28.670000076293945,30.559999465942383,27.59000015258789,29.709999084472656
2020/9/11,28.62999916,29.729999542236328,26.510000228881836,26.87000084
2020/9/14,25.860000610351562,26.790000915527344,25.37999916,25.850000381469727
2020/9/15,25.920000076293945,26,24.920000076293945,25.59000015258789
2020/9/16,25.309999465942383,26.59000015258789,24.84000015258789,26.040000915527344
2020/9/17,28.219999313354492,28.920000076293945,26.260000228881836,26.459999084472656
2020/9/18,26.649999618530273,28.100000381469727,25.280000686645508,25.829999923706055
2020/9/21,28.040000915527344,31.18000030517578,27.389999389648438,27.780000686645508
2020/9/22,28.610000610351562,28.780000686645508,26.479999542236328,26.860000610351562
2020/9/23,27.020000457763672,29.729999542236328,25.190000534057617,28.579999923706055
2020/9/24,29.540000915527344,30.489999771118164,27.940000534057617,28.510000228881836
2020/9/25,28.170000076293945,30.43000030517578,26.020000457763672,26.37999916
2020/9/28,27.149999618530273,27.190000534057617,24.899999618530273,26.190000534057617
2020/9/29,26.809999465942383,27.43000030517578,25.979999542236328,26.270000457763672
2020/9/30,26.690000534057617,27.12000084,25.059999465942383,26.37000084
2020/10/1,25.780000686645508,27.110000610351562,25.329999923706055,26.700000762939453
2020/10/2,28.87000084,29.899999618530273,26.93000030517578,27.62999916
2020/10/5,29.520000457763672,29.690000534057617,27.270000457763672,27.959999084472656
2020/10/6,28.049999237060547,30,26.010000228881836,29.479999542236328
2020/10/7,29.260000228881836,29.760000228881836,27.940000534057617,28.059999465942383
2020/10/8,27.649999618530273,27.989999771118164,24.87999916,26.360000610351562
2020/10/9,26.200000762939453,26.219999313354492,24.030000686645508,25
2020/10/12,25.649999618530273,25.649999618530273,24.139999389648438,25.06999969482422
2020/10/13,25.670000076293945,26.93000030517578,25.15999984741211,26.06999969482422
2020/10/14,25.719999313354492,27.229999542236328,25.530000686645508,26.399999618530273
2020/10/15,27.100000381469727,29.059999465942383,26.81999969482422,26.969999313354492
2020/10/16,27.15999984741211,27.459999084472656,26.190000534057617,27.40999984741211
2020/10/19,27.360000610351562,29.690000534057617,27.040000915527344,29.18000030517578
2020/10/20,28.809999465942383,29.600000381469727,28.290000915527344,29.350000381469727
2020/10/21,29.12000084,30.549999237060547,28.37000084,28.649999618530273
2020/10/22,30.100000381469727,30.12000084,27.68000030517578,28.110000610351562
2020/10/23,28.469999313354492,28.670000076293945,27.260000228881836,27.549999237060547
2020/10/26,29.37999916,33.68000030517578,29.219999313354492,32.459999084472656
2020/10/27,32.040000915527344,33.77000045776367,31.850000381469727,33.349998474121094
2020/10/28,34.689998626708984,40.77000045776367,34.68000030517578,40.279998779296875
2020/10/29,38.79999923706055,41.15999984741211,35.630001068115234,37.59000015258789
2020/10/30,40.810001373291016,41.09000015258789,36.5,38.02000045776367
2020/11/2,38.56999969482422,38.779998779296875,36.130001068115234,37.130001068115234
2020/11/3,36.439998626708984,36.439998626708984,34.189998626708984,35.54999923706055
2020/11/4,36.790000915527344,36.849998474121094,28.030000686645508,29.56999969482422
2020/11/5,27.559999465942383,28.139999389648438,26.040000915527344,27.579999923706055
2020/11/6,27.87000084,29.440000534057617,24.559999465942383,24.860000610351562
2020/11/9,24.799999237060547,25.81999969482422,22.40999984741211,25.75
2020/11/10,25.360000610351562,26.770000457763672,24.350000381469727,24.799999237060547
2020/11/11,25.010000228881836,25.12000084,22.56999969482422,23.450000762939453
2020/11/12,24.389999389648438,27.270000457763672,23.530000686645508,25.350000381469727
2020/11/13,24.940000534057617,25.030000686645508,22.739999771118164,23.100000381469727
2020/11/16,23.65999984741211,24.079999923706055,22.43000030517578,22.450000762939453
2020/11/17,22.84000015258789,24.09000015258789,22.34000015258789,22.709999084472656
2020/11/18,22.860000610351562,23.920000076293945,21.65999984741211,23.84000015258789
2020/11/19,23.62000084,24.520000457763672,22.559999465942383,23.110000610351562
2020/11/20,23.43000030517578,23.729999542236328,22.12999916,23.700000762939453
2020/11/23,23.65999984741211,23.959999084472656,22.450000762939453,22.65999984741211
2020/11/24,22.040000915527344,22.479999542236328,20.799999237060547,21.639999389648438
2020/11/25,21.649999618530273,22.5,21.12999916,21.25
2020/11/27,21.520000457763672,21.600000381469727,19.510000228881836,20.84000015258789
2020/11/30,22.639999389648438,22.889999389648438,20.479999542236328,20.56999969482422
2020/12/1,20.209999084472656,20.920000076293945,20,20.770000457763672
2020/12/2,21,21.25,20.040000915527344,21.170000076293945
2020/12/3,21.239999771118164,21.87999916,20.719999313354492,21.280000686645508
2020/12/4,21.049999237060547,21.149999618530273,19.969999313354492,20.790000915527344
2020/12/7,22.040000915527344,22.62000084,21.170000076293945,21.299999237060547
2020/12/8,21.649999618530273,22.25,20.520000457763672,20.68000030517578
2020/12/9,20.65999984741211,22.93000030517578,20.100000381469727,22.270000457763672
2020/12/10,22.12000084,23.459999084472656,21.530000686645508,22.520000457763672
2020/12/11,22.489999771118164,25.139999389648438,22.479999542236328,23.309999465942383
2020/12/14,22.670000076293945,24.81999969482422,21.950000762939453,24.719999313354492
2020/12/15,24,24.06999969482422,22.729999542236328,22.889999389648438
2020/12/16,22.510000228881836,23.670000076293945,22.290000915527344,22.5
2020/12/17,21.979999542236328,22.270000457763672,21.520000457763672,21.93000030517578
2020/12/18,22.149999618530273,23.770000457763672,21.56999969482422,21.56999969482422
2020/12/21,24.25,31.459999084472656,24.229999542236328,25.15999984741211
2020/12/22,25.239999771118164,25.559999465942383,23.530000686645508,24.229999542236328
2020/12/23,23.489999771118164,23.68000030517578,22.12999916,23.309999465942383
2020/12/24,22.469999313354492,22.829999923706055,21.389999389648438,21.530000686645508
2020/12/28,22.110000610351562,22.12000084,21.149999618530273,21.700000762939453
2020/12/29,21.610000610351562,23.719999313354492,20.989999771118164,23.079999923706055
2020/12/30,22.579999923706055,23.149999618530273,22.40999984741211,22.770000457763672
2020/12/31,22.989999771118164,23.25,21.239999771118164,22.75
2021/1/4,23.040000915527344,29.190000534057617,22.559999465942383,26.969999313354492
2021/1/5,26.940000534057617,28.600000381469727,24.799999237060547,25.34000015258789
2021/1/6,25.479999542236328,26.770000457763672,22.139999389648438,25.06999969482422
2021/1/7,23.670000076293945,23.90999984741211,22.25,22.37000084
2021/1/8,22.43000030517578,23.34000015258789,21.420000076293945,21.559999465942383
2021/1/11,23.309999465942383,24.809999465942383,23.229999542236328,24.079999923706055
2021/1/12,23.489999771118164,25.149999618530273,22.829999923706055,23.329999923706055
2021/1/13,23.06999969482422,24.18000030517578,21.920000076293945,22.209999084472656
2021/1/14,22.219999313354492,23.469999313354492,21.65999984741211,23.25
2021/1/15,23.520000457763672,25.799999237060547,23.079999923706055,24.34000015258789
2021/1/19,23.030000686645508,23.559999465942383,22.530000686645508,23.239999771118164
2021/1/20,22.81999969482422,22.860000610351562,21.37000084,21.579999923706055
2021/1/21,21.34000015258789,22.219999313354492,21.09000015258789,21.31999969482422
2021/1/22,22.239999771118164,23.729999542236328,21.270000457763672,21.90999984741211
2021/1/25,22.309999465942383,26.62999916,22.200000762939453,23.190000534057617
2021/1/26,23.90999984741211,23.940000534057617,22.549999237060547,23.020000457763672
2021/1/27,23.81999969482422,37.209999084472656,23.709999084472656,37.209999084472656
2021/1/28,33.25,36.290000915527344,27.389999389648438,30.209999084472656
2021/1/29,35.15999984741211,37.50999832,29.239999771118164,33.09000015258789
2021/2/1,31.450000762939453,33.959999084472656,29.030000686645508,30.239999771118164
2021/2/2,28.010000228881836,28.079999923706055,25.309999465942383,25.559999465942383
2021/2/3,24.59000015258789,25.43000030517578,22.90999984741211,22.90999984741211
2021/2/4,23.440000534057617,23.440000534057617,21.68000030517578,21.770000457763672
2021/2/5,21.989999771118164,22.15999984741211,20.860000610351562,20.87000084
2021/2/8,21.889999389648438,22.06999969482422,21.229999542236328,21.239999771118164
2021/2/9,21.56999969482422,22.260000228881836,20.649999618530273,21.62999916
2021/2/10,21.639999389648438,23.850000381469727,19.690000534057617,21.989999771118164
2021/2/11,22.09000015258789,23.25,21.110000610351562,21.25
2021/2/12,21.600000381469727,22.450000762939453,19.950000762939453,19.969999313354492
2021/2/16,21.12999916,22.459999084472656,20.87999916,21.459999084472656
2021/2/17,22.020000457763672,23.440000534057617,21.09000015258789,21.5
2021/2/18,21.979999542236328,24.229999542236328,21.799999237060547,22.489999771118164
2021/2/19,23.100000381469727,23.190000534057617,20.84000015258789,22.049999237060547
2021/2/22,24.459999084472656,25.09000015258789,21.959999084472656,23.450000762939453
2021/2/23,22.81999969482422,27.010000228881836,22.5,23.110000610351562
2021/2/24,23.760000228881836,25.040000915527344,21.309999465942383,21.34000015258789
2021/2/25,21.729999542236328,31.15999984741211,21.520000457763672,28.889999389648438
2021/2/26,28.729999542236328,30.81999969482422,25.229999542236328,27.950000762939453
2021/3/1,25.200000762939453,25.389999389648438,23.170000076293945,23.350000381469727
2021/3/2,23.579999923706055,24.600000381469727,22.799999237060547,24.100000381469727
2021/3/3,22.799999237060547,26.790000915527344,22.450000762939453,26.670000076293945
2021/3/4,26.520000457763672,31.899999618530273,24.93000030517578,28.56999969482422
2021/3/5,29.479999542236328,30.030000686645508,24.329999923706055,24.65999984741211
2021/3/8,27.610000610351562,28.389999389648438,24.06999969482422,25.469999313354492
2021/3/9,25.110000610351562,25.25,22.899999618530273,24.030000686645508
2021/3/10,23.760000228881836,23.87000084,22.37999916,22.559999465942383
2021/3/11,22.5,22.5,21.450000762939453,21.90999984741211
2021/3/12,22.56999969482422,22.989999771118164,20.62999916,20.690000534057617
2021/3/15,21.84000015258789,21.860000610351562,19.87000084,20.030000686645508
2021/3/16,20.139999389648438,20.309999465942383,19.329999923706055,19.790000915527344
2021/3/17,20.100000381469727,20.950000762939453,19.18000030517578,19.229999542236328
2021/3/18,18.950000762939453,22.600000381469727,18.950000762939453,21.579999923706055
2021/3/19,21.43000030517578,23.170000076293945,19.899999618530273,20.950000762939453
2021/3/22,21.90999984741211,22.290000915527344,18.87000084,18.87999916
2021/3/23,19.459999084472656,21.579999923706055,18.799999237060547,20.299999237060547
2021/3/24,20.639999389648438,21.489999771118164,19.299999237060547,21.200000762939453
2021/3/25,20.799999237060547,23.549999237060547,19.809999465942383,19.809999465942383
2021/3/26,19.31999969482422,21.489999771118164,18.68000030517578,18.860000610351562
2021/3/29,20.399999618530273,21.600000381469727,19.420000076293945,20.739999771118164
2021/3/30,20.760000228881836,21.75,19.469999313354492,19.610000610351562
2021/3/31,19.799999237060547,20.110000610351562,18.850000381469727,19.399999618530273
2021/4/1,18.600000381469727,18.639999389648438,17.290000915527344,17.329999923706055
2021/4/5,18.15999984741211,18.399999618530273,17.350000381469727,17.90999984741211
2021/4/6,18.06999969482422,18.299999237060547,17.37000084,18.12000084
2021/4/7,17.989999771118164,18.170000076293945,16.87000084,17.15999984741211
2021/4/8,16.920000076293945,17.360000610351562,16.549999237060547,16.950000762939453
2021/4/9,17.049999237060547,17.34000015258789,16.200000762939453,16.690000534057617
2021/4/12,17.43000030517578,17.90999984741211,16.809999465942383,16.90999984741211
2021/4/13,16.989999771118164,17.860000610351562,16.43000030517578,16.649999618530273
2021/4/14,16.709999084472656,17.690000534057617,15.380000114440918,16.989999771118164
2021/4/15,16.780000686645508,16.920000076293945,15.93999958,16.56999969482422
2021/4/16,16.649999618530273,16.87999916,16.049999237060547,16.25
2021/4/19,17.040000915527344,18.610000610351562,16.780000686645508,17.290000915527344
2021/4/20,17.360000610351562,19.700000762939453,17.239999771118164,18.68000030517578
2021/4/21,18.479999542236328,19.290000915527344,16.90999984741211,17.5
2021/4/22,17.280000686645508,19.899999618530273,16.989999771118164,18.709999084472656
2021/4/23,18.559999465942383,18.780000686645508,16.799999237060547,17.329999923706055
2021/4/26,17.940000534057617,18.170000076293945,16.87000084,17.639999389648438
2021/4/27,17.62000084,18.15999984741211,16.969999313354492,17.559999465942383
2021/4/28,17.469999313354492,17.84000015258789,16.670000076293945,17.280000686645508
2021/4/29,16.87999916,18.87000084,16.770000457763672,17.610000610351562
2021/4/30,17.670000076293945,19.25,17.639999389648438,18.610000610351562
2021/5/3,18.649999618530273,19.12000084,17.799999237060547,18.309999465942383
2021/5/4,18.15999984741211,21.850000381469727,18.110000610351562,19.479999542236328
2021/5/5,18.84000015258789,19.579999923706055,17.889999389648438,19.149999618530273
2021/5/6,18.40999984741211,20.600000381469727,18.209999084472656,18.389999389648438
2021/5/7,18.450000762939453,18.56999969482422,16.68000030517578,16.690000534057617
2021/5/10,17.34000015258789,19.75,17.06999969482422,19.65999984741211
2021/5/11,21.170000076293945,23.729999542236328,20.709999084472656,21.84000015258789
2021/5/12,22.420000076293945,28.37999916,21.65999984741211,27.59000015258789
2021/5/13,26.030000686645508,28.93000030517578,22.229999542236328,23.12999916
2021/5/14,21.770000457763672,22.100000381469727,18.65999984741211,18.809999465942383
2021/5/17,19.889999389648438,21.579999923706055,19.670000076293945,19.719999313354492
2021/5/18,18.889999389648438,21.450000762939453,18.809999465942383,21.34000015258789
2021/5/19,22.459999084472656,25.959999084472656,21.87999916,22.18000030517578
2021/5/20,22.329999923706055,23.5,20.190000534057617,20.670000076293945
2021/5/21,20.420000076293945,20.889999389648438,19.530000686645508,20.149999618530273
2021/5/24,20.5,20.510000228881836,18.37999916,18.399999618530273
2021/5/25,18.350000381469727,19.290000915527344,16.87000084,18.84000015258789
2021/5/26,18.37000084,18.920000076293945,17.350000381469727,17.360000610351562
2021/5/27,18.030000686645508,18.170000076293945,16.520000457763672,16.739999771118164
2021/5/28,16.799999237060547,16.860000610351562,15.899999618530273,16.760000228881836
2021/6/1,17.239999771118164,18.530000686645508,15.680000305175781,17.899999618530273
2021/6/2,17.860000610351562,18.309999465942383,16.739999771118164,17.479999542236328
2021/6/3,17.729999542236328,19.270000457763672,17.450000762939453,18.040000915527344
2021/6/4,18.09000015258789,18.420000076293945,16.18000030517578,16.420000076293945
2021/6/7,17.34000015258789,17.350000381469727,15.779999732971191,16.420000076293945
2021/6/8,16.579999923706055,17.75,15.149999618530273,17.06999969482422
2021/6/9,17.18000030517578,17.959999084472656,15.550000190734863,17.889999389648438
2021/6/10,18.18000030517578,18.290000915527344,16.010000228881836,16.100000381469727
2021/6/11,16.18000030517578,16.200000762939453,15.149999618530273,15.649999618530273
2021/6/14,16.040000915527344,17.040000915527344,15.039999961853027,16.389999389648438
2021/6/15,16.270000457763672,17.350000381469727,16.139999389648438,17.020000457763672
2021/6/16,16.989999771118164,19.110000610351562,16.420000076293945,18.149999618530273
2021/6/17,18.489999771118164,19.219999313354492,16.709999084472656,17.75
2021/6/18,16.959999084472656,21.040000915527344,16.920000076293945,20.700000762939453
2021/6/21,21.739999771118164,21.81999969482422,17.809999465942383,17.889999389648438
2021/6/22,17.90999984741211,18.31999969482422,15.760000228881836,16.65999984741211
2021/6/23,16.25,16.84000015258789,14.859999656677246,16.31999969482422
2021/6/24,15.989999771118164,16.049999237060547,14.18999958,15.970000267028809
2021/6/25,16.040000915527344,16.170000076293945,15.210000038146973,15.619999885559082
2021/6/28,16.06999969482422,16.459999084472656,15.390000343322754,15.760000228881836
2021/6/29,15.68999958,16.309999465942383,14.100000381469727,16.020000457763672
2021/6/30,16.18000030517578,17.309999465942383,15.579999923706055,15.829999923706055
2021/7/1,15.619999885559082,16.010000228881836,15.31000042,15.479999542236328
2021/7/2,15.529999732971191,15.539999961853027,14.25,15.069999694824219
2021/7/6,15.770000457763672,17.940000534057617,15.729999542236328,16.440000534057617
2021/7/7,16.43000030517578,17.639999389648438,16.079999923706055,16.200000762939453
2021/7/8,17.739999771118164,21.290000915527344,17.739999771118164,19
2021/7/9,17.87999916,18.12999916,16.079999923706055,16.18000030517578
2021/7/12,16.850000381469727,17.520000457763672,16.139999389648438,16.170000076293945
2021/7/13,16.389999389648438,17.229999542236328,15.93999958,17.12000084
2021/7/14,17.34000015258789,17.510000228881836,15.949999809265137,16.329999923706055
2021/7/15,16.700000762939453,18.09000015258789,16.559999465942383,17.010000228881836
2021/7/16,16.799999237060547,18.700000762939453,16.030000686645508,18.450000762939453
2021/7/19,19.610000610351562,25.09000015258789,19.270000457763672,22.5
2021/7/20,20.889999389648438,22.969999313354492,19.37000084,19.729999542236328
2021/7/21,19.729999542236328,19.81999969482422,17.809999465942383,17.90999984741211
2021/7/22,17.59000015258789,18.450000762939453,17.399999618530273,17.690000534057617
2021/7/23,16.979999542236328,17.479999542236328,16.329999923706055,17.200000762939453
2021/7/26,18.670000076293945,19.389999389648438,17.530000686645508,17.579999923706055
2021/7/27,18.62000084,20.440000534057617,18.25,19.360000610351562
2021/7/28,19.40999984741211,19.62000084,17.520000457763672,18.309999465942383
2021/7/29,17.90999984741211,18.010000228881836,17.190000534057617,17.700000762939453
2021/7/30,19.690000534057617,19.719999313354492,17.530000686645508,18.239999771118164
2021/8/2,18.15999984741211,19.87000084,17.989999771118164,19.459999084472656
2021/8/3,19.170000076293945,20.440000534057617,17.700000762939453,18.040000915527344
2021/8/4,18.229999542236328,18.899999618530273,17.670000076293945,17.969999313354492
2021/8/5,17.729999542236328,17.84000015258789,17.229999542236328,17.280000686645508
2021/8/6,17.459999084472656,17.5,16.139999389648438,16.149999618530273
2021/8/9,17.12000084,17.389999389648438,16.59000015258789,16.719999313354492
2021/8/10,16.81999969482422,17.049999237060547,16.34000015258789,16.790000915527344
2021/8/11,16.809999465942383,17.09000015258789,16.06999969482422,16.170000076293945
2021/8/12,16.329999923706055,16.420000076293945,15.489999771118164,15.59000015258789
2021/8/13,15.680000305175781,15.720000267028809,15.18999958,15.449999809265137
2021/8/16,17.049999237060547,17.709999084472656,16.020000457763672,16.12000084
2021/8/17,17.309999465942383,19.559999465942383,16.709999084472656,17.90999984741211
2021/8/18,17.559999465942383,21.639999389648438,17.309999465942383,21.56999969482422
2021/8/19,23.12000084,24.739999771118164,20.37000084,21.670000076293945
2021/8/20,22.739999771118164,23.899999618530273,18.18000030517578,18.559999465942383
2021/8/23,18.829999923706055,18.950000762939453,16.950000762939453,17.149999618530273
2021/8/24,16.959999084472656,17.510000228881836,16.940000534057617,17.219999313354492
2021/8/25,17.420000076293945,17.5,16.459999084472656,16.790000915527344
2021/8/26,17.459999084472656,19.270000457763672,17.15999984741211,18.84000015258789
2021/8/27,17.950000762939453,18.219999313354492,16.110000610351562,16.389999389648438
2021/8/30,16.770000457763672,16.799999237060547,15.979999542236328,16.190000534057617
2021/8/31,15.979999542236328,17.06999969482422,15.90999984741211,16.479999542236328
2021/9/1,16.059999465942383,16.709999084472656,15.680000305175781,16.110000610351562
2021/9/2,16.270000457763672,16.979999542236328,15.729999542236328,16.40999984741211
2021/9/3,16.270000457763672,17.059999465942383,16.079999923706055,16.40999984741211
2021/9/7,16.940000534057617,18.389999389648438,16.889999389648438,18.139999389648438
2021/9/8,18.969999313354492,19.639999389648438,17.780000686645508,17.959999084472656
2021/9/9,19.440000534057617,19.540000915527344,17.170000076293945,18.799999237060547
2021/9/10,17.940000534057617,21.12999916,16.989999771118164,20.950000762939453
2021/9/13,19.639999389648438,21.18000030517578,18.760000228881836,19.37000084
2021/9/14,19.579999923706055,20.469999313354492,18.389999389648438,19.459999084472656
2021/9/15,19.299999237060547,20.270000457763672,18.010000228881836,18.18000030517578
2021/9/16,18.40999984741211,19.760000228881836,17.649999618530273,18.690000534057617
2021/9/17,18.37000084,21.510000228881836,18.350000381469727,20.809999465942383
2021/9/20,24.25,28.790000915527344,23.899999618530273,25.709999084472656
2021/9/21,23.40999984741211,25.600000381469727,21.709999084472656,24.360000610351562
2021/9/22,22.719999313354492,23.399999618530273,20.75,20.87000084
2021/9/23,19.90999984741211,20.209999084472656,18.420000076293945,18.62999916
2021/9/24,19.329999923706055,20.40999984741211,17.62999916,17.75
2021/9/27,17.780000686645508,19.31999969482422,17.739999771118164,18.760000228881836
2021/9/28,19.739999771118164,24.81999969482422,19.709999084472656,23.25
2021/9/29,22.06999969482422,23.790000915527344,21.450000762939453,22.559999465942383
2021/9/30,21.479999542236328,24.709999084472656,20.600000381469727,23.139999389648438
2021/10/1,24.780000686645508,24.889999389648438,20.850000381469727,21.100000381469727
2021/10/4,22.899999618530273,24.579999923706055,21.87999916,22.959999084472656
2021/10/5,22.920000076293945,23.170000076293945,20.62000084,21.299999237060547
2021/10/6,22.950000762939453,24.399999618530273,20.989999771118164,21
2021/10/7,20.540000915527344,20.760000228881836,19.06999969482422,19.540000915527344
2021/10/8,19.459999084472656,19.940000534057617,18.200000762939453,18.770000457763672
2021/10/11,19.93000030517578,20.450000762939453,18.110000610351562,20
2021/10/12,20.62000084,20.809999465942383,18.969999313354492,19.850000381469727
2021/10/13,20.139999389648438,20.229999542236328,18.440000534057617,18.639999389648438
2021/10/14,18.010000228881836,18.079999923706055,16.799999237060547,16.860000610351562
2021/10/15,16.639999389648438,16.850000381469727,15.720000267028809,16.299999237060547
2021/10/18,17.290000915527344,17.93000030517578,16.270000457763672,16.309999465942383
2021/10/19,16.09000015258789,16.309999465942383,15.569999694824219,15.699999809265137
2021/10/20,15.819999694824219,15.890000343322754,15.289999961853027,15.489999771118164
2021/10/21,16.059999465942383,16.110000610351562,14.920000076293945,15.010000228881836
2021/10/22,15.350000381469727,16.389999389648438,14.84000015258789,15.430000305175781
2021/10/25,16.139999389648438,16.329999923706055,15.100000381469727,15.239999771118164
2021/10/26,15.020000457763672,16.709999084472656,14.899999618530273,15.979999542236328
2021/10/27,15.789999961853027,17.290000915527344,15.539999961853027,16.979999542236328
2021/10/28,17.059999465942383,17.15999984741211,16.229999542236328,16.530000686645508
2021/10/29,17.399999618530273,18.059999465942383,16.12999916,16.260000228881836
2021/11/1,16.850000381469727,17.700000762939453,16.31999969482422,16.40999984741211
2021/11/2,16.540000915527344,16.649999618530273,15.890000343322754,16.030000686645508
2021/11/3,16.110000610351562,16.389999389648438,14.899999618530273,15.100000381469727
2021/11/4,15.06000042,16.139999389648438,14.729999542236328,15.43999958
2021/11/5,15.59000015258789,17.020000457763672,14.949999809265137,16.479999542236328
2021/11/8,17.229999542236328,17.690000534057617,16.440000534057617,17.219999313354492
2021/11/9,17.43000030517578,18.56999969482422,17.209999084472656,17.780000686645508
2021/11/10,17.739999771118164,19.899999618530273,17.219999313354492,18.729999542236328
2021/11/11,18.34000015258789,18.389999389648438,17.270000457763672,17.65999984741211
2021/11/12,17.489999771118164,17.690000534057617,16.149999618530273,16.290000915527344
2021/11/15,17.030000686645508,17.459999084472656,16.489999771118164,16.489999771118164
2021/11/16,16.860000610351562,17.079999923706055,16.030000686645508,16.37000084
2021/11/17,16.360000610351562,17.190000534057617,16.280000686645508,17.110000610351562
2021/11/18,16.809999465942383,18.149999618530273,16.37999916,17.59000015258789
2021/11/19,17.360000610351562,19.010000228881836,17.229999542236328,17.90999984741211
2021/11/22,18.200000762939453,19.59000015258789,17.350000381469727,19.170000076293945
2021/11/23,20.239999771118164,20.90999984741211,19.030000686645508,19.37999916
2021/11/24,19.170000076293945,20.959999084472656,18.520000457763672,18.579999923706055
2021/11/26,26.62000084,28.989999771118164,23.87999916,28.62000084
2021/11/29,25.309999465942383,25.690000534057617,21.709999084472656,22.959999084472656
2021/11/30,26.229999542236328,28.559999465942383,23.709999084472656,27.190000534057617
2021/12/1,24.920000076293945,32.61000061035156,22.37999916,31.12000084
2021/12/2,29.440000534057617,30.68000030517578,27.149999618530273,27.950000762939453
2021/12/3,26.950000762939453,35.31999969482422,25.889999389648438,30.670000076293945
2021/12/6,28.989999771118164,30.81999969482422,26.75,27.18000030517578
2021/12/7,24.579999923706055,24.690000534057617,21.579999923706055,21.889999389648438
2021/12/8,21.739999771118164,23.110000610351562,19.850000381469727,19.899999618530273
2021/12/9,20.309999465942383,22.12000084,19.940000534057617,21.579999923706055
2021/12/10,21.270000457763672,21.299999237060547,18.690000534057617,18.690000534057617
2021/12/13,19.290000915527344,21.18000030517578,18.959999084472656,20.309999465942383
2021/12/14,19.670000076293945,23,19.670000076293945,21.889999389648438
2021/12/15,21.600000381469727,23.469999313354492,19.020000457763672,19.290000915527344
2021/12/16,18.559999465942383,22.12999916,18.190000534057617,20.56999969482422
2021/12/17,20.700000762939453,23.260000228881836,20.489999771118164,21.56999969482422
2021/12/20,25.889999389648438,27.389999389648438,22.850000381469727,22.87000084
2021/12/21,22.280000686645508,22.68000030517578,20.899999618530273,21.010000228881836
2021/12/22,21.040000915527344,21.360000610351562,18.59000015258789,18.62999916
2021/12/23,18.809999465942383,18.93000030517578,17.62000084,17.959999084472656
2021/12/27,19.37000084,19.40999984741211,17.549999237060547,17.68000030517578
2021/12/28,17.780000686645508,18.469999313354492,17.510000228881836,17.540000915527344
2021/12/29,17.62999916,18,16.709999084472656,16.950000762939453
2021/12/30,17.299999237060547,17.790000915527344,16.62000084,17.329999923706055
2021/12/31,17.62999916,18.270000457763672,16.989999771118164,17.219999313354492
2022/1/3,17.600000381469727,18.540000915527344,16.559999465942383,16.600000381469727
2022/1/4,16.56999969482422,17.809999465942383,16.34000015258789,16.90999984741211
2022/1/5,17.06999969482422,20.170000076293945,16.579999923706055,19.729999542236328
2022/1/6,20.290000915527344,21.059999465942383,19.079999923706055,19.610000610351562
2022/1/7,19.850000381469727,20.799999237060547,18.56999969482422,18.760000228881836
2022/1/10,19.579999923706055,23.329999923706055,19.290000915527344,19.399999618530273
2022/1/11,19.62000084,21,18.200000762939453,18.40999984741211
2022/1/12,18.170000076293945,18.690000534057617,17.360000610351562,17.62000084
2022/1/13,18.059999465942383,20.610000610351562,17.450000762939453,20.309999465942383
2022/1/14,20.110000610351562,22.06999969482422,19.049999237060547,19.190000534057617
2022/1/18,21.18000030517578,23.200000762939453,21.18000030517578,22.790000915527344
2022/1/19,23.12000084,23.989999771118164,21.850000381469727,23.850000381469727
2022/1/20,23.459999084472656,25.889999389648438,21.68000030517578,25.59000015258789
2022/1/21,25.37999916,29.790000915527344,25.309999465942383,28.850000381469727
2022/1/24,28.200000762939453,38.939998626708984,28.020000457763672,29.899999618530273
2022/1/25,32.290000915527344,35.849998474121094,29.12999916,31.15999984741211
2022/1/26,29.350000381469727,33.040000915527344,26.899999618530273,31.959999084472656
2022/1/27,32.189998626708984,33,28.420000076293945,30.489999771118164
2022/1/28,30.270000457763672,32.81999969482422,27.280000686645508,27.65999984741211
2022/1/31,28.360000610351562,29.40999984741211,24.709999084472656,24.829999923706055
2022/2/1,24.56999969482422,25.329999923706055,21.959999084472656,21.959999084472656
2022/2/2,21.559999465942383,22.729999542236328,20.459999084472656,22.09000015258789
2022/2/3,22.62999916,25.809999465942383,22.299999237060547,24.350000381469727
2022/2/4,23.770000457763672,26.260000228881836,22.06999969482422,23.219999313354492
2022/2/7,24.09000015258789,24.81999969482422,22.020000457763672,22.860000610351562
2022/2/8,23.09000015258789,23.479999542236328,21.31999969482422,21.440000534057617
2022/2/9,21.270000457763672,21.299999237060547,19.93000030517578,19.959999084472656
2022/2/10,20.37000084,24.770000457763672,20.18000030517578,23.90999984741211
2022/2/11,24.389999389648438,30.989999771118164,23.329999923706055,27.360000610351562
2022/2/14,29.170000076293945,32.040000915527344,28.329999923706055,28.329999923706055
2022/2/15,28.09000015258789,28.09000015258789,25.329999923706055,25.700000762939453
2022/2/16,25.190000534057617,27.09000015258789,23.87999916,24.290000915527344
2022/2/17,24.829999923706055,28.37000084,24.760000228881836,28.110000610351562
2022/2/18,26.65999984741211,29.709999084472656,26.37999916,27.75
2022/2/22,31.799999237060547,32.040000915527344,28.399999618530273,28.809999465942383
2022/2/23,28.040000915527344,31.06999969482422,27.200000762939453,31.020000457763672
2022/2/24,37.5,37.790000915527344,29.450000762939453,30.31999969482422
2022/2/25,31.68000030517578,32,26.93000030517578,27.59000015258789
2022/2/28,32.439998626708984,33.50999832,28.43000030517578,30.149999618530273
2022/3/1,29.450000762939453,35.189998626708984,29.440000534057617,33.31999969482422
2022/3/2,34.20000076293945,34.40999984741211,30.12000084,30.739999771118164
2022/3/3,30.520000457763672,32.00999832,29.309999465942383,30.479999542236328
2022/3/4,31.899999618530273,34.650001525878906,31.469999313354492,31.979999542236328
2022/3/7,35.880001068115234,36.54999923706055,32.59000015258789,36.45000076293945
2022/3/8,36.189998626708984,37.52000045776367,32.779998779296875,35.130001068115234
2022/3/9,33.74000168,34.119998931884766,31.389999389648438,32.45000076293945
2022/3/10,33.029998779296875,34.029998779296875,30.229999542236328,30.229999542236328
2022/3/11,30.43000030517578,31.040000915527344,28.84000015258789,30.75
2022/3/14,31.030000686645508,33.18000030517578,30.059999465942383,31.770000457763672
2022/3/15,33.130001068115234,33.83000183105469,29.56999969482422,29.829999923706055
2022/3/16,29.020000457763672,29.799999237060547,26.290000915527344,26.670000076293945
2022/3/17,26.510000228881836,27.469999313354492,25.25,25.670000076293945
2022/3/18,26.360000610351562,26.81999969482422,23.850000381469727,23.87000084
2022/3/21,25.139999389648438,25.360000610351562,22.989999771118164,23.530000686645508
2022/3/22,24.020000457763672,24.020000457763672,22.700000762939453,22.940000534057617
2022/3/23,23.040000915527344,24.030000686645508,22.639999389648438,23.56999969482422
2022/3/24,23.610000610351562,23.790000915527344,21.489999771118164,21.670000076293945
2022/3/25,21.87000084,22.860000610351562,20.799999237060547,20.809999465942383
2022/3/28,22.139999389648438,23.329999923706055,19.540000915527344,19.62999916
2022/3/29,19.700000762939453,19.729999542236328,18.670000076293945,18.899999618530273
2022/3/30,19.37999916,20.510000228881836,18.719999313354492,19.329999923706055
2022/3/31,19.68000030517578,21.479999542236328,19.540000915527344,20.559999465942383
2022/4/1,20.62000084,20.860000610351562,19.40999984741211,19.62999916
2022/4/4,20.75,20.780000686645508,18.450000762939453,18.56999969482422
2022/4/5,18.790000915527344,21.56999969482422,18.549999237060547,21.030000686645508
2022/4/6,21.270000457763672,24.780000686645508,21.239999771118164,22.100000381469727
2022/4/7,21.969999313354492,23.81999969482422,21.12000084,21.549999237060547
2022/4/8,21.25,22.34000015258789,20.280000686645508,21.15999984741211
2022/4/11,23.09000015258789,24.420000076293945,22.09000015258789,24.37000084
2022/4/12,24.940000534057617,25.37999916,22.270000457763672,24.260000228881836
2022/4/13,23.520000457763672,24.450000762939453,21.37000084,21.81999969482422
2022/4/14,21.719999313354492,22.700000762939453,20.850000381469727,22.700000762939453
2022/4/18,24.520000457763672,24.600000381469727,21.979999542236328,22.170000076293945
2022/4/19,22.549999237060547,22.920000076293945,20.360000610351562,21.37000084
2022/4/20,21.12999916,21.31999969482422,19.75,20.31999969482422
2022/4/21,20.239999771118164,23.280000686645508,19.809999465942383,22.68000030517578
2022/4/22,22.709999084472656,28.270000457763672,22.62000084,28.209999084472656
2022/4/25,30.040000915527344,31.600000381469727,26.799999237060547,27.020000457763672
2022/4/26,27.37999916,33.810001373291016,27.059999465942383,33.52000045776367
2022/4/27,31.110000610351562,32.77000045776367,29.81999969482422,31.600000381469727
2022/4/28,29.90999984741211,32,28,29.989999771118164
2022/4/29,28.969999313354492,34.34000015258789,28.540000915527344,33.400001525878906
2022/5/2,33.349998474121094,36.63999938964844,31.739999771118164,32.34000015258789
2022/5/3,31.760000228881836,32.81999969482422,29.059999465942383,29.25
2022/5/4,29.12000084,29.420000076293945,24.940000534057617,25.420000076293945
2022/5/5,25.969999313354492,33.20000076293945,25.780000686645508,31.200000762939453
2022/5/6,32.22999954223633,35.34000015258789,29.829999923706055,30.190000534057617
2022/5/9,31.899999618530273,35.47999954223633,31.899999618530273,34.75
2022/5/10,33.65999984741211,34.84000015258789,32.24000168,32.99000168
2022/5/11,32.869998931884766,34.38999938964844,30.690000534057617,32.560001373291016
2022/5/12,33.74000168,34.75999832,31.700000762939453,31.770000457763672
2022/5/13,31.09000015258789,31.200000762939453,28.780000686645508,28.87000084
2022/5/16,30.010000228881836,30.229999542236328,27.360000610351562,27.469999313354492
2022/5/17,27.06999969482422,27.170000076293945,25.510000228881836,26.100000381469727
2022/5/18,26.739999771118164,31.489999771118164,26.209999084472656,30.959999084472656
2022/5/19,31.239999771118164,33.11000061035156,29.059999465942383,29.350000381469727
2022/5/20,28.780000686645508,32.90999984741211,28.059999465942383,29.43000030517578
2022/5/23,28.979999542236328,30.389999389648438,28.290000915527344,28.479999542236328
2022/5/24,29.43000030517578,31.06999969482422,29.040000915527344,29.450000762939453
2022/5/25,29.329999923706055,30.229999542236328,28.15999984741211,28.37000084
2022/5/26,28.420000076293945,28.459999084472656,27.110000610351562,27.5
2022/5/27,27.5,27.540000915527344,25.56999969482422,25.719999313354492
2022/5/31,27.469999313354492,28.350000381469727,25.940000534057617,26.190000534057617
2022/6/1,26.049999237060547,27.729999542236328,25.37999916,25.690000534057617
2022/6/2,25.729999542236328,26.5,24.329999923706055,24.719999313354492
2022/6/3,24.90999984741211,25.959999084472656,24.760000228881836,24.790000915527344
2022/6/6,25.37000084,25.809999465942383,24.81999969482422,25.06999969482422
2022/6/7,25.540000915527344,26.239999771118164,23.87999916,24.020000457763672
2022/6/8,24.37000084,24.780000686645508,23.739999771118164,23.959999084472656
2022/6/9,24.290000915527344,26.239999771118164,23.81999969482422,26.09000015258789
2022/6/10,26.260000228881836,29.62999916,26.049999237060547,27.75
2022/6/13,31.37000084,35.04999923706055,31.290000915527344,34.02000045776367
2022/6/14,33.00999832,34,32.060001373291016,32.689998626708984
2022/6/15,32.38999938964844,32.77000045776367,27.760000228881836,29.62000084
2022/6/16,30.350000381469727,34.81999969482422,30.350000381469727,32.95000076293945
2022/6/17,32.84000015258789,33.310001373291016,30.469999313354492,31.12999916
2022/6/21,30.62999916,30.649999618530273,29.329999923706055,30.190000534057617
2022/6/22,31.450000762939453,31.56999969482422,28.780000686645508,28.950000762939453
2022/6/23,29.290000915527344,29.770000457763672,28.739999771118164,29.049999237060547
2022/6/24,29.06999969482422,29.719999313354492,26.829999923706055,27.229999542236328
2022/6/27,28.299999237060547,28.65999984741211,26.93000030517578,26.950000762939453
2022/6/28,26.899999618530273,28.68000030517578,26.469999313354492,28.360000610351562
2022/6/29,28.799999237060547,29.360000610351562,27.850000381469727,28.15999984741211
2022/6/30,29.420000076293945,30.219999313354492,28.280000686645508,28.709999084472656
2022/7/1,29.530000686645508,29.59000015258789,26.690000534057617,26.700000762939453
2022/7/5,27.37000084,29.81999969482422,27.299999237060547,27.540000915527344
2022/7/6,27.84000015258789,28.06999969482422,26.43000030517578,26.729999542236328
2022/7/7,26.729999542236328,26.790000915527344,25.65999984741211,26.079999923706055
2022/7/8,26.40999984741211,26.610000610351562,24.43000030517578,24.639999389648438
2022/7/11,26.420000076293945,26.739999771118164,25.790000915527344,26.170000076293945
2022/7/12,27.139999389648438,27.75,25.81999969482422,27.290000915527344
2022/7/13,27.350000381469727,29.059999465942383,26.229999542236328,26.81999969482422
2022/7/14,27.469999313354492,28.450000762939453,26.200000762939453,26.399999618530273
2022/7/15,26.719999313354492,26.719999313354492,24.12999916,24.229999542236328
2022/7/18,24.829999923706055,25.90999984741211,24.37999916,25.299999237060547
2022/7/19,25.12000084,25.40999984741211,24.229999542236328,24.5
2022/7/20,24.229999542236328,24.729999542236328,23.399999618530273,23.87999916
2022/7/21,24.06999969482422,24.670000076293945,22.920000076293945,23.110000610351562
2022/7/22,23.299999237060547,23.809999465942383,22.40999984741211,23.030000686645508
2022/7/25,24.329999923706055,24.56999969482422,23.190000534057617,23.360000610351562
2022/7/26,23.950000762939453,25.309999465942383,23.81999969482422,24.690000534057617
2022/7/27,24.270000457763672,24.40999984741211,23.020000457763672,23.239999771118164
2022/7/28,23.329999923706055,23.540000915527344,22.219999313354492,22.329999923706055
2022/7/29,22.12999916,22.15999984741211,21.209999084472656,21.329999923706055
2022/8/1,22.40999984741211,23.270000457763672,22.260000228881836,22.84000015258789
2022/8/2,24.079999923706055,24.68000030517578,22.670000076293945,23.93000030517578
2022/8/3,23.860000610351562,23.920000076293945,21.68000030517578,21.950000762939453
2022/8/4,22.059999465942383,22.65999984741211,21.440000534057617,21.440000534057617
2022/8/5,21.5,22.579999923706055,20.760000228881836,21.149999618530273
2022/8/8,21.739999771118164,22.010000228881836,20.829999923706055,21.290000915527344
2022/8/9,21.40999984741211,22.229999542236328,21.40999984741211,21.770000457763672
2022/8/10,22.280000686645508,22.34000015258789,19.540000915527344,19.739999771118164
2022/8/11,19.84000015258789,20.850000381469727,19.709999084472656,20.200000762939453
2022/8/12,20.34000015258789,20.350000381469727,19.12000084,19.530000686645508
2022/8/15,20.739999771118164,21.15999984741211,19.809999465942383,19.950000762939453
2022/8/16,20.229999542236328,20.389999389648438,19.5,19.690000534057617
2022/8/17,19.739999771118164,20.62999916,19.40999984741211,19.899999618530273
2022/8/18,20.510000228881836,20.610000610351562,19.43000030517578,19.559999465942383
2022/8/19,20.15999984741211,21.270000457763672,20.079999923706055,20.600000381469727
2022/8/22,22.40999984741211,24.62000084,22.389999389648438,23.799999237060547
2022/8/23,24.12999916,24.209999084472656,23.06999969482422,24.110000610351562
2022/8/24,24.37000084,24.860000610351562,22.729999542236328,22.81999969482422
2022/8/25,22.40999984741211,23.12999916,21.770000457763672,21.780000686645508
2022/8/26,22.06999969482422,25.899999618530273,21.670000076293945,25.559999465942383
2022/8/29,26.860000610351562,27.670000076293945,25.469999313354492,26.209999084472656
2022/8/30,25.75,27.690000534057617,25.12999916,26.209999084472656
2022/8/31,25.860000610351562,26.62000084,25.309999465942383,25.87000084
2022/9/1,26.87999916,27.450000762939453,25.25,25.559999465942383
2022/9/2,25.510000228881836,26.280000686645508,23.190000534057617,25.469999313354492
2022/9/6,25.459999084472656,27.799999237060547,25.329999923706055,26.90999984741211
2022/9/7,26.93000030517578,27.149999618530273,24.540000915527344,24.639999389648438
2022/9/8,24.700000762939453,25.899999618530273,23.559999465942383,23.610000610351562
2022/9/9,23.489999771118164,23.56999969482422,22.639999389648438,22.790000915527344
2022/9/12,23.579999923706055,24.229999542236328,23.15999984741211,23.87000084
2022/9/13,23.670000076293945,28.149999618530273,23.530000686645508,27.270000457763672
2022/9/14,26.729999542236328,27.559999465942383,26.15999984741211,26.15999984741211
2022/9/15,26.100000381469727,26.93000030517578,25.420000076293945,26.270000457763672
2022/9/16,27.469999313354492,28.450000762939453,26.139999389648438,26.299999237060547
2022/9/19,27.690000534057617,27.950000762939453,25.559999465942383,25.760000228881836
2022/9/20,25.649999618530273,27.809999465942383,25.610000610351562,27.15999984741211
2022/9/21,28.030000686645508,30.18000030517578,25.549999237060547,27.989999771118164
2022/9/22,28.15999984741211,28.37999916,26.709999084472656,27.350000381469727
2022/9/23,27.68000030517578,32.310001373291016,27.579999923706055,29.920000076293945
2022/9/26,31.739999771118164,32.880001068115234,29.829999923706055,32.25999832
2022/9/27,31.200000762939453,34.13999938964844,30.299999237060547,32.599998474121094
2022/9/28,34.5,34.880001068115234,30.030000686645508,30.18000030517578
2022/9/29,31.670000076293945,33.459999084472656,31.15999984741211,31.84000015258789
2022/9/30,31.610000610351562,33.25,29.389999389648438,31.62000084
2022/10/3,33,33.060001373291016,29.62999916,30.100000381469727
2022/10/4,29.520000457763672,29.62000084,28.559999465942383,29.06999969482422
2022/10/5,29.360000610351562,30.110000610351562,28.5,28.549999237060547
2022/10/6,28.600000381469727,30.739999771118164,28.559999465942383,30.520000457763672
2022/10/7,30.37000084,32.02000045776367,29.87999916,31.360000610351562
2022/10/10,32.93000030517578,33.99000168,32.04999923706055,32.45000076293945
2022/10/11,33.560001373291016,34.43000030517578,32.45000076293945,33.630001068115234
2022/10/12,33.540000915527344,34.529998779296875,33.11000061035156,33.56999969482422
2022/10/13,33.599998474121094,33.869998931884766,31.62999916,31.940000534057617
2022/10/14,31.889999389648438,32.97999954223633,31.139999389648438,32.02000045776367
2022/10/17,32.27000045776367,32.59000015258789,30.700000762939453,31.37000084
2022/10/18,31.100000381469727,31.93000030517578,30.420000076293945,30.5
2022/10/19,30.940000534057617,31.899999618530273,30.760000228881836,30.760000228881836
2022/10/20,31.299999237060547,31.31999969482422,29.760000228881836,29.979999542236328
2022/10/21,30.209999084472656,30.440000534057617,29.239999771118164,29.690000534057617
2022/10/24,30.649999618530273,30.950000762939453,29.780000686645508,29.850000381469727
2022/10/25,29.799999237060547,30,28.219999313354492,28.459999084472656
2022/10/26,28.440000534057617,28.520000457763672,27.270000457763672,27.280000686645508
2022/10/27,27.510000228881836,27.670000076293945,26.940000534057617,27.389999389648438
2022/10/28,27.43000030517578,27.59000015258789,25.75,25.75
2022/10/31,26.90999984741211,27.06999969482422,25.84000015258789,25.87999916
2022/11/1,25.959999084472656,26.350000381469727,25.65999984741211,25.809999465942383
2022/11/2,26.040000915527344,26.62000084,25.389999389648438,25.860000610351562
2022/11/3,25.979999542236328,26.87000084,25.100000381469727,25.299999237060547
2022/11/4,25.62999916,25.709999084472656,24,24.549999237060547
2022/11/7,25.670000076293945,25.670000076293945,24.34000015258789,24.350000381469727
2022/11/8,24.709999084472656,26.15999984741211,24.239999771118164,25.540000915527344
2022/11/9,25.34000015258789,26.350000381469727,25.020000457763672,26.09000015258789
2022/11/10,26.510000228881836,26.59000015258789,22.84000015258789,23.530000686645508
2022/11/11,23.889999389648438,23.90999984741211,22.37000084,22.520000457763672
2022/11/14,23.989999771118164,24.329999923706055,22.860000610351562,23.729999542236328
2022/11/15,23.770000457763672,26.219999313354492,23.18000030517578,24.540000915527344
2022/11/16,24.290000915527344,24.719999313354492,23.989999771118164,24.110000610351562
2022/11/17,24.049999237060547,25.18000030517578,23.809999465942383,23.93000030517578
2022/11/18,24.030000686645508,24.12000084,22.979999542236328,23.12000084
2022/11/21,24.049999237060547,24.12000084,22.299999237060547,22.360000610351562
2022/11/22,22.59000015258789,22.709999084472656,21.280000686645508,21.290000915527344
2022/11/23,21.489999771118164,21.780000686645508,20.31999969482422,20.350000381469727
2022/11/25,20.610000610351562,21.110000610351562,20.459999084472656,20.5
2022/11/28,22.09000015258789,22.5,21.649999618530273,22.209999084472656
2022/11/29,22.09000015258789,22.56999969482422,21.829999923706055,21.889999389648438
2022/11/30,21.700000762939453,22.62999916,20.309999465942383,20.579999923706055
2022/12/1,20.829999923706055,21.059999465942383,19.799999237060547,19.84000015258789
2022/12/2,20.420000076293945,20.959999084472656,18.950000762939453,19.059999465942383
2022/12/5,20.299999237060547,21.290000915527344,19.780000686645508,20.75
2022/12/6,20.690000534057617,22.600000381469727,20.37999916,22.170000076293945
2022/12/7,22.31999969482422,23.010000228881836,22.18000030517578,22.68000030517578
2022/12/8,22.809999465942383,23.280000686645508,22.059999465942383,22.290000915527344
2022/12/9,22.549999237060547,23.209999084472656,22.18000030517578,22.829999923706055
2022/12/12,24.399999618530273,25.049999237060547,24.18000030517578,25
2022/12/13,25.239999771118164,25.84000015258789,21.459999084472656,22.549999237060547
2022/12/14,22.829999923706055,23.469999313354492,21.06999969482422,21.139999389648438
2022/12/15,21.520000457763672,23.670000076293945,21.25,22.829999923706055
2022/12/16,23.260000228881836,23.829999923706055,22.09000015258789,22.62000084
2022/12/19,22.62999916,22.860000610351562,21.610000610351562,22.420000076293945
2022/12/20,23.170000076293945,23.389999389648438,21.350000381469727,21.479999542236328
2022/12/21,21.25,21.290000915527344,19.940000534057617,20.06999969482422
2022/12/22,20.079999923706055,24.299999237060547,20.010000228881836,21.969999313354492
2022/12/23,22.170000076293945,22.639999389648438,20.780000686645508,20.87000084
2022/12/27,21.670000076293945,22.799999237060547,21.59000015258789,21.649999618530273
2022/12/28,21.469999313354492,22.260000228881836,20.959999084472656,22.139999389648438
2022/12/29,22.25,22.309999465942383,21.360000610351562,21.440000534057617
2022/12/30,21.829999923706055,22.399999618530273,21.59000015258789,21.670000076293945
2023/1/3,23.09000015258789,23.760000228881836,22.729999542236328,22.899999618530273
2023/1/4,22.93000030517578,23.270000457763672,21.940000534057617,22.010000228881836
2023/1/5,22.200000762939453,22.920000076293945,21.969999313354492,22.459999084472656
2023/1/6,22.690000534057617,22.899999618530273,21,21.12999916
2023/1/9,21.75,21.979999542236328,21.270000457763672,21.969999313354492
2023/1/10,22.219999313354492,22.459999084472656,20.579999923706055,20.579999923706055
2023/1/11,20.799999237060547,21.25,20.62000084,21.09000015258789
2023/1/12,21.559999465942383,21.799999237060547,18.829999923706055,18.829999923706055
2023/1/13,19,19.40999984741211,18.010000228881836,18.350000381469727
2023/1/17,19.889999389648438,20.219999313354492,19.209999084472656,19.360000610351562
2023/1/18,19.280000686645508,20.579999923706055,18.709999084472656,20.34000015258789
2023/1/19,20.43000030517578,21.709999084472656,20.170000076293945,20.520000457763672
2023/1/20,20.280000686645508,20.700000762939453,19.40999984741211,19.850000381469727
2023/1/23,20.209999084472656,20.329999923706055,19.549999237060547,19.809999465942383
2023/1/24,19.889999389648438,20.469999313354492,18.90999984741211,19.200000762939453
2023/1/25,19.559999465942383,20.899999618530273,18.989999771118164,19.079999923706055
2023/1/26,19.049999237060547,19.479999542236328,18.670000076293945,18.729999542236328
2023/1/27,18.899999618530273,19,17.969999313354492,18.510000228881836
2023/1/30,19.760000228881836,20.25,19.540000915527344,19.940000534057617
2023/1/31,20.12000084,20.700000762939453,19.12999916,19.399999618530273
2023/2/1,19.62000084,20.040000915527344,17.700000762939453,17.87000084
2023/2/2,17.739999771118164,19.25,17.059999465942383,18.729999542236328
2023/2/3,18.56999969482422,19.299999237060547,17.93000030517578,18.329999923706055
2023/2/6,19.229999542236328,19.809999465942383,19.209999084472656,19.43000030517578
2023/2/7,19.540000915527344,19.989999771118164,18.43000030517578,18.65999984741211
2023/2/8,18.87999916,20.12000084,18.549999237060547,19.62999916
2023/2/9,19.239999771118164,21.079999923706055,19.020000457763672,20.709999084472656
2023/2/10,20.739999771118164,21.940000534057617,20.440000534057617,20.530000686645508
2023/2/13,21.65999984741211,21.690000534057617,20.329999923706055,20.34000015258789
2023/2/14,20.719999313354492,20.75,18.479999542236328,18.90999984741211
2023/2/15,19.37000084,19.40999984741211,18.110000610351562,18.229999542236328
2023/2/16,18.260000228881836,20.270000457763672,18.229999542236328,20.170000076293945
2023/2/17,20.940000534057617,21.299999237060547,19.81999969482422,20.020000457763672
2023/2/21,21.799999237060547,23.34000015258789,21.799999237060547,22.87000084
2023/2/22,23.030000686645508,23.62999916,22.020000457763672,22.290000915527344
2023/2/23,21.959999084472656,22.43000030517578,20.889999389648438,21.139999389648438
2023/2/24,21.350000381469727,22.899999618530273,21.31999969482422,21.670000076293945
2023/2/27,21.989999771118164,22.020000457763672,20.68000030517578,20.950000762939453
2023/2/28,21.299999237060547,21.37000084,20.100000381469727,20.700000762939453
2023/3/1,20.389999389648438,21.31999969482422,20.219999313354492,20.579999923706055
2023/3/2,21.40999984741211,21.420000076293945,19.549999237060547,19.59000015258789
2023/3/3,19.760000228881836,19.760000228881836,18.15999984741211,18.489999771118164
2023/3/6,19.049999237060547,19.190000534057617,18.489999771118164,18.610000610351562
2023/3/7,18.639999389648438,19.739999771118164,18.510000228881836,19.59000015258789
2023/3/8,19.709999084472656,20.010000228881836,19,19.110000610351562
2023/3/9,19.329999923706055,23.139999389648438,18.87999916,22.610000610351562
2023/3/10,23.34000015258789,28.969999313354492,21.790000915527344,24.799999237060547
2023/3/13,24.049999237060547,30.809999465942383,23.850000381469727,26.520000457763672
2023/3/14,26.850000381469727,27.239999771118164,22.270000457763672,23.729999542236328
2023/3/15,23.209999084472656,29.90999984741211,23.190000534057617,26.139999389648438
2023/3/16,26.190000534057617,27.489999771118164,22.969999313354492,22.989999771118164
2023/3/17,22.920000076293945,26.139999389648438,22.579999923706055,25.510000228881836
2023/3/20,27.770000457763672,28.90999984741211,24,24.149999618530273
2023/3/21,24.15999984741211,24.15999984741211,21.290000915527344,21.37999916
2023/3/22,21.799999237060547,22.37999916,19.940000534057617,22.260000228881836
2023/3/23,21.540000915527344,24.90999984741211,20.15999984741211,22.610000610351562
2023/3/24,22.110000610351562,25.209999084472656,21.600000381469727,21.739999771118164
2023/3/27,22.049999237060547,22.93000030517578,20.56999969482422,20.600000381469727
2023/3/28,20.530000686645508,21.399999618530273,19.90999984741211,19.969999313354492
2023/3/29,19.389999389648438,19.450000762939453,19.09000015258789,19.12000084
2023/3/30,19.12000084,20.079999923706055,18.850000381469727,19.020000457763672
2023/3/31,19.209999084472656,19.43000030517578,18.520000457763672,18.700000762939453
2023/4/3,19.790000915527344,19.829999923706055,18.540000915527344,18.549999237060547
2023/4/4,18.790000915527344,20.030000686645508,18.579999923706055,19
2023/4/5,19.420000076293945,20.079999923706055,19,19.079999923706055
2023/4/6,19.299999237060547,19.87999916,18.350000381469727,18.399999618530273
2023/4/10,19.389999389648438,20.049999237060547,18.93000030517578,18.969999313354492
2023/4/11,19.079999923706055,19.280000686645508,18.559999465942383,19.100000381469727
2023/4/12,19.37999916,19.979999542236328,18.25,19.09000015258789
2023/4/13,18.829999923706055,19.059999465942383,17.770000457763672,17.799999237060547
2023/4/14,17.940000534057617,18.12000084,17.06999969482422,17.06999969482422
2023/4/17,17.579999923706055,17.790000915527344,16.899999618530273,16.950000762939453
2023/4/18,16.940000534057617,17.34000015258789,16.579999923706055,16.829999923706055
2023/4/19,17.299999237060547,17.719999313354492,16.170000076293945,16.459999084472656
2023/4/20,16.850000381469727,17.690000534057617,16.329999923706055,17.170000076293945
2023/4/21,17.510000228881836,17.709999084472656,16.579999923706055,16.770000457763672
2023/4/24,18.219999313354492,18.239999771118164,16.739999771118164,16.889999389648438
2023/4/25,17.62000084,19.860000610351562,17.329999923706055,18.760000228881836
2023/4/26,18.65999984741211,19.610000610351562,17.87000084,18.84000015258789
2023/4/27,18.43000030517578,18.43000030517578,16.719999313354492,17.030000686645508
2023/4/28,17.209999084472656,17.649999618530273,15.720000267028809,15.779999732971191
2023/5/1,16.40999984741211,16.62000084,15.529999732971191,16.079999923706055
2023/5/2,16.270000457763672,19.809999465942383,16.260000228881836,17.780000686645508
2023/5/3,17.81999969482422,18.829999923706055,17.190000534057617,18.34000015258789
2023/5/4,19.170000076293945,21.329999923706055,18.670000076293945,20.09000015258789
2023/5/5,19.5,19.62999916,16.690000534057617,17.190000534057617
2023/5/8,17.729999542236328,17.87999916,16.829999923706055,16.979999542236328
2023/5/9,17.290000915527344,17.860000610351562,17.219999313354492,17.709999084472656
2023/5/10,17.579999923706055,18.309999465942383,16.360000610351562,16.940000534057617
2023/5/11,16.799999237060547,18.190000534057617,16.62999916,16.93000030517578
2023/5/12,16.829999923706055,17.920000076293945,16.37999916,17.030000686645508
2023/5/15,17.440000534057617,18.15999984741211,17.079999923706055,17.12000084
2023/5/16,17.540000915527344,18.299999237060547,17.260000228881836,17.989999771118164
2023/5/17,17.959999084472656,18.260000228881836,16.68000030517578,16.87000084
2023/5/18,16.920000076293945,17.149999618530273,16.049999237060547,16.049999237060547
2023/5/19,16.12999916,17.360000610351562,15.850000381469727,16.809999465942383
2023/5/22,17.450000762939453,18.12999916,16.81999969482422,17.209999084472656
2023/5/23,17.350000381469727,19.309999465942383,17.299999237060547,18.530000686645508
2023/5/24,18.799999237060547,20.809999465942383,18.799999237060547,20.030000686645508
2023/5/25,19.540000915527344,19.950000762939453,18.700000762939453,19.139999389648438
2023/5/26,19.06999969482422,19.559999465942383,17.270000457763672,17.950000762939453
2023/5/30,17.559999465942383,18.34000015258789,16.979999542236328,17.459999084472656
2023/5/31,18.040000915527344,18.399999618530273,17.12000084,17.940000534057617
2023/6/1,17.239999771118164,17.59000015258789,15.579999923706055,15.649999618530273
2023/6/2,15.649999618530273,15.649999618530273,14.420000076293945,14.600000381469727
2023/6/5,15.279999732971191,15.289999961853027,14.65999984741211,14.729999542236328
2023/6/6,14.90999984741211,14.970000267028809,13.949999809265137,13.960000038146973
2023/6/7,14.140000343322754,14.289999961853027,13.770000457763672,13.93999958
2023/6/8,14.140000343322754,14.210000038146973,13.529999732971191,13.649999618530273
2023/6/9,13.779999732971191,14.140000343322754,13.5,13.829999923706055
2023/6/12,14.43999958,15.020000457763672,14.319999694824219,15.010000228881836
2023/6/13,14.989999771118164,15.06000042,14.470000267028809,14.609999656677246
2023/6/14,14.479999542236328,14.729999542236328,13.829999923706055,13.880000114440918
2023/6/15,14.09000015258789,14.520000457763672,13.789999961853027,14.5
2023/6/16,14.489999771118164,14.539999961853027,13.479999542236328,13.539999961853027
2023/6/20,14.359999656677246,14.670000076293945,13.859999656677246,13.880000114440918
2023/6/21,13.880000114440918,13.890000343322754,13.100000381469727,13.199999809265137
2023/6/22,13.880000114440918,13.979999542236328,12.729999542236328,12.90999984741211
2023/6/23,13.239999771118164,13.800000190734863,12.880000114440918,13.43999958
2023/6/26,14.430000305175781,14.710000038146973,13.779999732971191,14.25
2023/6/27,14.109999656677246,14.34000015258789,13.59000015258789,13.739999771118164
2023/6/28,13.899999618530273,13.960000038146973,13.359999656677246,13.430000305175781
2023/6/29,13.640000343322754,13.850000381469727,13.40999984741211,13.539999961853027
2023/6/30,13.510000228881836,13.59000015258789,12.960000038146973,13.59000015258789
2023/7/3,13.850000381469727,13.850000381469727,13.470000267028809,13.569999694824219
2023/7/5,14.18999958,14.739999771118164,14.050000190734863,14.180000305175781
2023/7/6,14.850000381469727,17.079999923706055,14.789999961853027,15.43999958
2023/7/7,15.970000267028809,16.059999465942383,14.329999923706055,14.829999923706055
2023/7/10,16.079999923706055,16.209999084472656,15.039999961853027,15.069999694824219
2023/7/11,15.020000457763672,15.25,14.630000114440918,14.84000015258789
2023/7/12,14.819999694824219,14.819999694824219,13.510000228881836,13.539999961853027
2023/7/13,13.43999958,13.609999656677246,13.119999885559082,13.609999656677246
2023/7/14,13.720000267028809,13.760000228881836,13.220000267028809,13.34000015258789
2023/7/17,13.779999732971191,14,13.430000305175781,13.479999542236328
2023/7/18,13.609999656677246,13.670000076293945,13.289999961853027,13.300000190734863
2023/7/19,13.319999694824219,13.84000015258789,13.119999885559082,13.760000228881836
2023/7/20,13.960000038146973,14.229999542236328,13.579999923706055,13.989999771118164
2023/7/21,13.869999885559082,13.890000343322754,13.369999885559082,13.600000381469727
2023/7/24,14.289999961853027,14.300000190734863,13.729999542236328,13.90999984741211
2023/7/25,14.020000457763672,14.09000015258789,13.819999694824219,13.859999656677246
2023/7/26,13.859999656677246,14.15999984741211,13.149999618530273,13.18999958
2023/7/27,13.140000343322754,15.020000457763672,12.739999771118164,14.40999984741211
2023/7/28,14.029999732971191,14.180000305175781,13.270000457763672,13.329999923706055
2023/7/31,13.979999542236328,14.09000015258789,13.569999694824219,13.630000114440918
2023/8/1,13.75,14.300000190734863,13.75,13.930000305175781
2023/8/2,15.699999809265137,16.479999542236328,14.949999809265137,16.09000015258789
2023/8/3,16.770000457763672,17.420000076293945,15.720000267028809,15.920000076293945
2023/8/4,16.010000228881836,17.389999389648438,14.569999694824219,17.100000381469727
2023/8/7,16.899999618530273,17.360000610351562,15.770000457763672,15.770000457763672
2023/8/8,16.280000686645508,18.139999389648438,15.960000038146973,15.989999771118164
2023/8/9,15.81000042,16.87000084,15.380000114440918,15.960000038146973
2023/8/10,15.579999923706055,16.860000610351562,14.600000381469727,15.850000381469727
2023/8/11,15.529999732971191,16.510000228881836,14.84000015258789,14.84000015258789
2023/8/14,15.880000114440918,16.059999465942383,14.770000457763672,14.819999694824219
2023/8/15,14.949999809265137,16.56999969482422,14.90999984741211,16.459999084472656
2023/8/16,16.540000915527344,16.93000030517578,15.800000190734863,16.780000686645508
2023/8/17,16.959999084472656,18.12999916,16.399999618530273,17.889999389648438
2023/8/18,17.799999237060547,18.87999916,17.139999389648438,17.299999237060547
2023/8/21,18.030000686645508,18.110000610351562,16.87999916,17.12999916
2023/8/22,16.959999084472656,17.579999923706055,16.610000610351562,16.969999313354492
2023/8/23,16.639999389648438,17.100000381469727,15.90999984741211,15.979999542236328
2023/8/24,15.569999694824219,17.31999969482422,15.479999542236328,17.200000762939453
2023/8/25,17.209999084472656,17.360000610351562,15.449999809265137,15.680000305175781
2023/8/28,16.239999771118164,16.280000686645508,15,15.079999923706055
2023/8/29,15.079999923706055,15.300000190734863,14.34000015258789,14.449999809265137
2023/8/30,14.529999732971191,14.699999809265137,13.829999923706055,13.880000114440918
2023/8/31,13.979999542236328,14,13.43999958,13.569999694824219
2023/9/1,13.56000042,13.56000042,13.020000457763672,13.09000015258789
2023/9/5,14.149999618530273,14.470000267028809,13.699999809265137,14.010000228881836
2023/9/6,14.270000457763672,15.300000190734863,14.130000114440918,14.449999809265137
2023/9/7,14.81000042,15.68999958,14.399999618530273,14.399999618530273
2023/9/8,14.220000267028809,14.869999885559082,13.579999923706055,13.84000015258789
2023/9/11,14.170000076293945,14.329999923706055,13.739999771118164,13.800000190734863
2023/9/12,14.020000457763672,14.420000076293945,13.710000038146973,14.229999542236328
2023/9/13,14.420000076293945,14.680000305175781,13.40999984741211,13.479999542236328
2023/9/14,13.390000343322754,13.460000038146973,12.789999961853027,12.819999694824219
2023/9/15,12.699999809265137,14.170000076293945,12.680000305175781,13.789999961853027
2023/9/18,14.399999618530273,14.75,13.859999656677246,14
2023/9/19,14.109999656677246,14.880000114440918,13.859999656677246,14.109999656677246
2023/9/20,14.180000305175781,15.149999618530273,13.569999694824219,15.140000343322754
2023/9/21,15.489999771118164,17.540000915527344,15.100000381469727,17.540000915527344
2023/9/22,17.309999465942383,17.40999984741211,15.930000305175781,17.200000762939453
2023/9/25,17.25,18.40999984741211,16.790000915527344,16.899999618530273
2023/9/26,18.030000686645508,19.5,17.170000076293945,18.940000534057617
2023/9/27,18.290000915527344,19.709999084472656,18.030000686645508,18.219999313354492
2023/9/28,18.219999313354492,18.770000457763672,17.059999465942383,17.34000015258789
2023/9/29,16.87000084,17.739999771118164,15.829999923706055,17.520000457763672
2023/10/2,17.309999465942383,18.549999237060547,16.93000030517578,17.610000610351562
2023/10/3,17.809999465942383,20.479999542236328,17.520000457763672,19.780000686645508
2023/10/4,20.719999313354492,20.87999916,18.299999237060547,18.579999923706055
2023/10/5,18.670000076293945,19.579999923706055,18.260000228881836,18.489999771118164
2023/10/6,18.729999542236328,19.93000030517578,17.190000534057617,17.450000762939453
2023/10/9,19.540000915527344,19.600000381469727,17.559999465942383,17.700000762939453
2023/10/10,17.700000762939453,17.860000610351562,16.510000228881836,17.030000686645508
2023/10/11,16.950000762939453,17.780000686645508,16.09000015258789,16.09000015258789
2023/10/12,16.079999923706055,18.079999923706055,15.43999958,16.690000534057617
2023/10/13,16.530000686645508,20.780000686645508,16.5,19.31999969482422
2023/10/16,19.100000381469727,19.56999969482422,17.139999389648438,17.209999084472656
2023/10/17,17.40999984741211,18.540000915527344,16.969999313354492,17.87999916
2023/10/18,18.360000610351562,20.149999618530273,17.87999916,19.219999313354492
2023/10/19,19.729999542236328,21.399999618530273,18.549999237060547,21.399999618530273
2023/10/20,21.59000015258789,21.829999923706055,20.420000076293945,21.709999084472656
2023/10/23,21.829999923706055,23.079999923706055,19.479999542236328,20.37000084
2023/10/24,20.030000686645508,20.239999771118164,18.649999618530273,18.969999313354492
2023/10/25,19.389999389648438,21.239999771118164,18.860000610351562,20.190000534057617
2023/10/26,21.780000686645508,21.959999084472656,20.219999313354492,20.68000030517578
2023/10/27,20.389999389648438,22.06999969482422,19.719999313354492,21.270000457763672
2023/10/30,21.12999916,21.15999984741211,19.549999237060547,19.75
2023/10/31,19.860000610351562,19.860000610351562,17.969999313354492,18.139999389648438
2023/11/1,18.020000457763672,18.420000076293945,16.62999916,16.87000084
2023/11/2,16.59000015258789,16.62000084,15.579999923706055,15.65999984741211
2023/11/3,15.699999809265137,15.829999923706055,14.90999984741211,14.90999984741211
2023/11/6,15.390000343322754,15.579999923706055,14.84000015258789,14.890000343322754
2023/11/7,15.100000381469727,15.170000076293945,14.710000038146973,14.81000042
2023/11/8,14.90999984741211,15.09000015258789,14.300000190734863,14.449999809265137
2023/11/9,14.609999656677246,15.569999694824219,14.130000114440918,15.289999961853027
2023/11/10,15.09000015258789,15.449999809265137,14.15999984741211,14.170000076293945
2023/11/13,15.15999984741211,15.18999958,14.579999923706055,14.760000228881836
2023/11/14,14.829999923706055,14.859999656677246,13.90999984741211,14.15999984741211
2023/11/15,14.210000038146973,14.350000381469727,13.970000267028809,14.180000305175781
2023/11/16,14.119999885559082,14.420000076293945,13.680000305175781,14.319999694824219
2023/11/17,14.180000305175781,14.18999958,13.670000076293945,13.800000190734863
2023/11/20,14.260000228881836,14.31000042,13.390000343322754,13.40999984741211
2023/11/21,13.449999809265137,14.31000042,13.130000114440918,13.350000381469727
2023/11/22,13.079999923706055,13.25,12.819999694824219,12.850000381469727
2023/11/24,13.029999732971191,13.170000076293945,12.449999809265137,12.460000038146973
2023/11/27,13.140000343322754,13.279999732971191,12.640000343322754,12.68999958
2023/11/28,12.779999732971191,14.300000190734863,12.56000042,12.68999958
2023/11/29,12.710000038146973,13.100000381469727,12.479999542236328,12.979999542236328
2023/11/30,13.069999694824219,13.390000343322754,12.819999694824219,12.920000076293945
2023/12/1,12.93999958,12.960000038146973,12.479999542236328,12.630000114440918
2023/12/4,13.279999732971191,13.699999809265137,12.979999542236328,13.079999923706055
2023/12/5,13.260000228881836,13.760000228881836,12.81000042,12.850000381469727
2023/12/6,12.779999732971191,13.029999732971191,12.640000343322754,12.970000267028809
2023/12/7,13.170000076293945,13.279999732971191,12.949999809265137,13.06000042
2023/12/8,13.140000343322754,13.239999771118164,12.350000381469727,12.350000381469727
2023/12/11,13.050000190734863,13.140000343322754,12.609999656677246,12.630000114440918
2023/12/12,12.68999958,12.739999771118164,11.81000042,12.069999694824219
2023/12/13,12.199999809265137,12.460000038146973,11.819999694824219,12.18999958
2023/12/14,11.960000038146973,12.739999771118164,11.84000015258789,12.479999542236328
2023/12/15,12.119999885559082,12.539999961853027,12.010000228881836,12.279999732971191
2023/12/18,12.619999885559082,12.640000343322754,12.399999618530273,12.56000042
2023/12/19,12.600000381469727,12.600000381469727,12.329999923706055,12.529999732971191
2023/12/20,12.630000114440918,13.930000305175781,12.289999961853027,13.670000076293945
2023/12/21,13.399999618530273,14.489999771118164,13.34000015258789,13.649999618530273
2023/12/22,13.720000267028809,13.960000038146973,13,13.029999732971191
2023/12/26,13.770000457763672,13.800000190734863,12.960000038146973,12.989999771118164
2023/12/27,13.020000457763672,13.039999961853027,12.369999885559082,12.430000305175781
2023/12/28,12.43999958,12.649999618530273,12.380000114440918,12.470000267028809
2023/12/29,12.550000190734863,13.18999958,12.359999656677246,12.449999809265137
2024/1/2,13.220000267028809,14.229999542236328,13.100000381469727,13.199999809265137
2024/1/3,13.350000381469727,14.220000267028809,13.329999923706055,14.039999961853027
2024/1/4,13.930000305175781,14.199999809265137,13.640000343322754,14.130000114440918
2024/1/5,14.239999771118164,14.579999923706055,13.289999961853027,13.350000381469727
2024/1/8,14,14.180000305175781,13.020000457763672,13.079999923706055
2024/1/9,13.199999809265137,13.449999809265137,12.739999771118164,12.760000228881836
2024/1/10,12.859999656677246,12.949999809265137,12.670000076293945,12.68999958
2024/1/11,12.640000343322754,13.31000042,12.350000381469727,12.43999958
2024/1/12,12.65999984741211,13.079999923706055,12.470000267028809,12.699999809265137
2024/1/16,14.119999885559082,14.350000381469727,13.520000457763672,13.84000015258789
2024/1/17,14.59000015258789,15.399999618530273,14.380000114440918,14.789999961853027
2024/1/18,14.850000381469727,14.890000343322754,13.890000343322754,14.130000114440918
2024/1/19,13.800000190734863,14.579999923706055,13.279999732971191,13.300000190734863
2024/1/22,13.770000457763672,13.84000015258789,13.170000076293945,13.18999958
2024/1/23,13.199999809265137,13.289999961853027,12.529999732971191,12.550000190734863
2024/1/24,12.65999984741211,13.180000305175781,12.40999984741211,13.140000343322754
2024/1/25,13.180000305175781,13.579999923706055,13.06000042,13.449999809265137
2024/1/26,13.729999542236328,14.100000381469727,13.199999809265137,13.260000228881836
2024/1/29,13.979999542236328,15.350000381469727,13.59000015258789,13.600000381469727
2024/1/30,13.68999958,13.739999771118164,13.229999542236328,13.31000042
2024/1/31,13.420000076293945,14.609999656677246,13.180000305175781,14.350000381469727
2024/2/1,14.210000038146973,14.630000114440918,13.869999885559082,13.880000114440918
2024/2/2,13.949999809265137,14.229999542236328,13.390000343322754,13.850000381469727
2024/2/5,14.369999885559082,14.529999732971191,13.579999923706055,13.670000076293945
2024/2/6,13.569999694824219,13.779999732971191,12.979999542236328,13.06000042
2024/2/7,13.06000042,13.130000114440918,12.81000042,12.829999923706055
2024/2/8,12.949999809265137,13.170000076293945,12.739999771118164,12.789999961853027
2024/2/9,12.789999961853027,13.010000228881836,12.68999958,12.930000305175781
2024/2/12,13.479999542236328,13.93999958,13.34000015258789,13.930000305175781
2024/2/13,13.960000038146973,17.940000534057617,13.430000305175781,15.850000381469727
2024/2/14,15.380000114440918,15.470000267028809,14.220000267028809,14.380000114440918
2024/2/15,14.270000457763672,14.640000343322754,13.93999958,14.010000228881836
2024/2/16,13.93999958,14.710000038146973,13.75,14.239999771118164
2024/2/20,15.09000015258789,15.90999984741211,15.069999694824219,15.420000076293945
2024/2/21,15.539999961853027,16.12000084,15.220000267028809,15.34000015258789
2024/2/22,14.279999732971191,14.640000343322754,14.119999885559082,14.539999961853027
2024/2/23,14.31000042,14.31000042,13.640000343322754,13.75
2024/2/26,14.170000076293945,14.199999809265137,13.65999984741211,13.739999771118164
2024/2/27,13.630000114440918,13.75,13.40999984741211,13.430000305175781
2024/2/28,13.520000457763672,13.899999618530273,13.43999958,13.84000015258789
2024/2/29,14.140000343322754,14.149999618530273,13.300000190734863,13.399999618530273
2024/3/1,13.34000015258789,13.65999984741211,13.079999923706055,13.109999656677246
2024/3/4,13.489999771118164,13.579999923706055,13.319999694824219,13.489999771118164
2024/3/5,13.75,15.100000381469727,13.75,14.460000038146973
2024/3/6,14.270000457763672,14.930000305175781,13.890000343322754,14.5
2024/3/7,14.979999542236328,14.979999542236328,14.25,14.43999958
2024/3/8,14.220000267028809,15.529999732971191,13.970000267028809,14.739999771118164
2024/3/11,15.510000228881836,16.040000915527344,15.130000114440918,15.220000267028809
2024/3/12,14.970000267028809,15.199999809265137,13.81000042,13.84000015258789
2024/3/13,13.890000343322754,14.039999961853027,13.670000076293945,13.75
2024/3/14,13.619999885559082,15.329999923706055,13.420000076293945,14.399999618530273
2024/3/15,14.329999923706055,15.529999732971191,14.140000343322754,14.40999984741211
2024/3/18,14.75,14.850000381469727,14.260000228881836,14.329999923706055
2024/3/19,14.5,14.859999656677246,13.800000190734863,13.819999694824219
2024/3/20,13.829999923706055,14.170000076293945,13.010000228881836,13.039999961853027
2024/3/21,12.979999542236328,13.079999923706055,12.399999618530273,12.920000076293945
2024/3/22,12.920000076293945,13.149999618530273,12.579999923706055,13.06000042
2024/3/25,13.670000076293945,13.670000076293945,13.109999656677246,13.18999958
2024/3/26,13.119999885559082,13.430000305175781,12.84000015258789,13.239999771118164
2024/3/27,13.130000114440918,13.34000015258789,12.65999984741211,12.779999732971191
2024/3/28,12.930000305175781,13.100000381469727,12.84000015258789,13.010000228881836
2024/4/1,13.609999656677246,14.149999618530273,13.550000190734863,13.649999618530273
2024/4/2,13.739999771118164,15.430000305175781,13.680000305175781,14.609999656677246
2024/4/3,15,15.180000305175781,14.25,14.329999923706055
2024/4/4,14.289999961853027,16.920000076293945,13.739999771118164,16.350000381469727
2024/4/5,16.450000762939453,16.75,15.529999732971191,16.030000686645508
2024/4/8,16.239999771118164,16.5,15.109999656677246,15.18999958
2024/4/9,15.34000015258789,16.62999916,14.93999958,14.979999542236328
2024/4/10,15.239999771118164,16.62000084,14.59000015258789,15.800000190734863
2024/4/11,16.020000457763672,17.610000610351562,14.90999984741211,14.90999984741211
2024/4/12,14.90999984741211,19.200000762939453,14.90999984741211,17.309999465942383
2024/4/15,16.940000534057617,19.459999084472656,16.260000228881836,19.229999542236328
2024/4/16,19.489999771118164,19.559999465942383,17.639999389648438,18.399999618530273
2024/4/17,18.239999771118164,19.110000610351562,17.540000915527344,18.209999084472656
2024/4/18,17.90999984741211,18.37000084,17.209999084472656,18
2024/4/19,21.329999923706055,21.360000610351562,18.170000076293945,18.709999084472656
2024/4/22,18.59000015258789,18.719999313354492,16.690000534057617,16.940000534057617
2024/4/23,16.719999313354492,16.760000228881836,15.68999958,15.68999958
2024/4/24,15.760000228881836,16.37999916,15.579999923706055,15.970000267028809
2024/4/25,16.25,17.549999237060547,15.270000457763672,15.369999885559082
2024/4/26,15.489999771118164,16.059999465942383,14.920000076293945,15.029999732971191
2024/4/29,15.369999885559082,15.420000076293945,14.630000114440918,14.670000076293945
2024/4/30,14.819999694824219,15.899999618530273,14.670000076293945,15.649999618530273
2024/5/1,15.75,16.219999313354492,14.350000381469727,15.390000343322754
2024/5/2,15.140000343322754,16.09000015258789,14.600000381469727,14.680000305175781
2024/5/3,14.510000228881836,14.579999923706055,13.479999542236328,13.489999771118164
2024/5/6,13.979999542236328,14.020000457763672,13.43999958,13.489999771118164
2024/5/7,13.520000457763672,13.640000343322754,13.15999984741211,13.229999542236328
2024/5/8,13.239999771118164,13.510000228881836,12.93999958,13
2024/5/9,13.079999923706055,13.289999961853027,12.680000305175781,12.68999958
2024/5/10,12.770000457763672,12.960000038146973,12.5,12.550000190734863
2024/5/13,13.260000228881836,13.65999984741211,13.25,13.600000381469727
2024/5/14,13.710000038146973,14.029999732971191,13.270000457763672,13.420000076293945
2024/5/15,13.729999542236328,13.93999958,12.380000114440918,12.449999809265137
2024/5/16,12.520000457763672,12.670000076293945,12.329999923706055,12.420000076293945
2024/5/17,12.279999732971191,12.479999542236328,11.90999984741211,11.989999771118164
2024/5/20,12.270000457763672,12.59000015258789,12.069999694824219,12.149999618530273
2024/5/21,12.300000190734863,12.56000042,11.84000015258789,11.859999656677246
2024/5/22,12.050000190734863,12.81000042,11.779999732971191,12.289999961853027
2024/5/23,11.529999732971191,13.369999885559082,11.520000457763672,12.770000457763672
2024/5/24,12.859999656677246,12.890000343322754,11.890000343322754,11.930000305175781
2024/5/28,12.510000228881836,13.43999958,12.359999656677246,12.920000076293945
2024/5/29,13.75,14.319999694824219,13.68999958,14.279999732971191
2024/5/30,14.819999694824219,14.880000114440918,13.670000076293945,14.470000267028809
2024/5/31,14.5,14.869999885559082,12.84000015258789,12.920000076293945
2024/6/3,13.079999923706055,14.31000042,13,13.109999656677246
2024/6/4,13.510000228881836,14.079999923706055,13.109999656677246,13.15999984741211
2024/6/5,13.140000343322754,13.25,12.600000381469727,12.630000114440918
2024/6/6,12.75,12.979999542236328,12.539999961853027,12.579999923706055
2024/6/7,12.68999958,13.079999923706055,12.109999656677246,12.220000267028809
2024/6/10,13.09000015258789,13.279999732971191,12.619999885559082,12.739999771118164
2024/6/11,12.850000381469727,13.470000267028809,12.779999732971191,12.850000381469727
2024/6/12,13.100000381469727,13.149999618530273,11.93999958,12.039999961853027
2024/6/13,12.050000190734863,12.680000305175781,11.880000114440918,11.93999958
2024/6/14,12.220000267028809,13.449999809265137,12.119999885559082,12.65999984741211
2024/6/17,13.069999694824219,13.289999961853027,12.5,12.75
2024/6/18,12.699999809265137,12.739999771118164,12.239999771118164,12.300000190734863
2024/6/20,12.5,13.550000190734863,12.180000305175781,13.279999732971191
2024/6/21,13.220000267028809,13.779999732971191,12.989999771118164,13.199999809265137
2024/6/24,13.850000381469727,13.880000114440918,13.149999618530273,13.329999923706055
2024/6/25,13.479999542236328,13.520000457763672,12.84000015258789,12.84000015258789
2024/6/26,12.81000042,13.239999771118164,12.369999885559082,12.550000190734863
2024/6/27,12.68999958,12.770000457763672,12.210000038146973,12.239999771118164
2024/6/28,12.239999771118164,12.760000228881836,11.869999885559082,12.43999958
2024/7/1,12.979999542236328,13.260000228881836,12.100000381469727,12.220000267028809
2024/7/2,12.670000076293945,12.880000114440918,11.850000381469727,12.029999732971191
2024/7/3,12.130000114440918,12.229999542236328,11.949999809265137,12.09000015258789
2024/7/5,12.369999885559082,12.609999656677246,11.84000015258789,12.479999542236328
2024/7/8,12.90999984741211,12.90999984741211,12.31000042,12.369999885559082
2024/7/9,12.479999542236328,12.609999656677246,12.350000381469727,12.510000228881836
2024/7/10,12.510000228881836,12.920000076293945,12.390000343322754,12.850000381469727
2024/7/11,12.880000114440918,13.329999923706055,12.229999542236328,12.920000076293945
2024/7/12,12.869999885559082,12.890000343322754,12.109999656677246,12.460000038146973
2024/7/15,12.779999732971191,13.260000228881836,12.75,13.119999885559082
2024/7/16,13.380000114440918,13.470000267028809,12.949999809265137,13.18999958
2024/7/17,13.600000381469727,14.880000114440918,13.539999961853027,14.479999542236328
2024/7/18,14.270000457763672,16.43000030517578,14.079999923706055,15.930000305175781
2024/7/19,16.440000534057617,17.190000534057617,10.619999885559082,16.520000457763672
2024/7/22,16.790000915527344,16.889999389648438,14.75,14.90999984741211
2024/7/23,15.210000038146973,15.350000381469727,13.899999618530273,14.720000267028809
2024/7/24,15.350000381469727,18.459999084472656,15.180000305175781,18.040000915527344
2024/7/25,18.40999984741211,19.360000610351562,16.420000076293945,18.459999084472656
2024/7/26,17.969999313354492,18.049999237060547,16.37000084,16.389999389648438
2024/7/29,16.59000015258789,17.209999084472656,16.229999542236328,16.600000381469727
2024/7/30,16.639999389648438,18.31999969482422,16.260000228881836,17.690000534057617
2024/7/31,16.65999984741211,16.770000457763672,15.710000038146973,16.360000610351562
2024/8/1,16.200000762939453,19.479999542236328,15.949999809265137,18.59000015258789
2024/8/2,20.520000457763672,29.65999984741211,20.010000228881836,23.389999389648438
2024/8/5,23.389999389648438,65.73000336,23.389999389648438,38.56999969482422
2024/8/6,33.709999084472656,34.77000045776367,24.020000457763672,27.709999084472656
2024/8/7,24.770000457763672,29.760000228881836,21.969999313354492,27.850000381469727
2024/8/8,28.34000015258789,29.469999313354492,23.360000610351562,23.790000915527344
2024/8/9,23.780000686645508,24.520000457763672,20.260000228881836,20.37000084
2024/8/12,20.790000915527344,21.190000534057617,18.889999389648438,20.709999084472656
2024/8/13,20.059999465942383,20.790000915527344,17.950000762939453,18.12000084
2024/8/14,18.40999984741211,18.489999771118164,16.12000084,16.190000534057617
2024/8/15,16.270000457763672,16.68000030517578,14.770000457763672,15.229999542236328
2024/8/16,15.289999961853027,15.760000228881836,14.649999618530273,14.800000190734863
2024/8/19,15.93999958,16.06999969482422,14.460000038146973,14.649999618530273
2024/8/20,14.890000343322754,15.930000305175781,14.779999732971191,15.880000114440918
2024/8/21,16.25,17.170000076293945,15.920000076293945,16.270000457763672
2024/8/22,16.270000457763672,18.059999465942383,15.760000228881836,17.549999237060547
2024/8/23,17.12000084,17.209999084472656,15.609999656677246,15.859999656677246
2024/8/26,16.270000457763672,16.670000076293945,15.81000042,16.149999618530273
2024/8/27,16.209999084472656,16.809999465942383,15.369999885559082,15.430000305175781
2024/8/28,15.510000228881836,17.889999389648438,15.460000038146973,17.110000610351562
2024/8/29,16.540000915527344,16.56999969482422,15.18999958,15.649999618530273
2024/8/30,15.670000076293945,16.040000915527344,14.779999732971191,15
2024/9/3,15.760000228881836,21.989999771118164,15.710000038146973,20.719999313354492
2024/9/4,23.200000762939453,23.309999465942383,19.34000015258789,21.31999969482422
2024/9/5,20.75,21.530000686645508,19.209999084472656,19.899999618530273
2024/9/6,21.979999542236328,23.760000228881836,18.829999923706055,22.37999916
2024/9/9,21.31999969482422,21.40999984741211,19.290000915527344,19.450000762939453
2024/9/10,19.860000610351562,20.739999771118164,18.899999618530273,19.079999923706055
2024/9/11,19.40999984741211,21.40999984741211,17.549999237060547,17.690000534057617
2024/9/12,17.62000084,18.59000015258789,16.889999389648438,17.06999969482422
2024/9/13,17.030000686645508,17.18000030517578,16.229999542236328,16.559999465942383
2024/9/16,17.15999984741211,17.690000534057617,16.90999984741211,17.139999389648438
2024/9/17,17.15999984741211,18.079999923706055,16.670000076293945,17.610000610351562
2024/9/18,17.579999923706055,19.389999389648438,17.110000610351562,18.229999542236328
2024/9/19,17.209999084472656,17.270000457763672,16.209999084472656,16.329999923706055
2024/9/20,16.350000381469727,16.68000030517578,15.81000042,16.149999618530273
2024/9/23,16.709999084472656,16.950000762939453,15.75,15.890000343322754
2024/9/24,15.869999885559082,16.670000076293945,15.270000457763672,15.390000343322754
2024/9/25,15.819999694824219,15.819999694824219,15.170000076293945,15.40999984741211
2024/9/26,15.06000042,15.829999923706055,14.899999618530273,15.369999885559082
2024/9/27,15.640000343322754,16.969999313354492,15.199999809265137,16.959999084472656
2024/9/30,17.010000228881836,17.790000915527344,16.469999313354492,16.729999542236328
2024/10/1,16.959999084472656,20.729999542236328,16.610000610351562,19.260000228881836
2024/10/2,19.649999618530273,20.360000610351562,18.579999923706055,18.899999618530273
2024/10/3,19.62999916,20.75,19.15999984741211,20.489999771118164
2024/10/4,20.479999542236328,20.479999542236328,18.479999542236328,19.209999084472656
2024/10/7,20.760000228881836,23.030000686645508,20.649999618530273,22.639999389648438
2024/10/8,22.920000076293945,23.139999389648438,21.139999389648438,21.420000076293945
2024/10/9,21.979999542236328,22.010000228881836,20.709999084472656,20.860000610351562
2024/10/10,20.90999984741211,21.389999389648438,20.639999389648438,20.93000030517578
2024/10/11,20.87000084,21.15999984741211,20.139999389648438,20.459999084472656
2024/10/14,20.860000610351562,20.860000610351562,19.690000534057617,19.700000762939453
2024/10/15,19.610000610351562,20.889999389648438,19.440000534057617,20.639999389648438
2024/10/16,20.770000457763672,21.010000228881836,19.450000762939453,19.579999923706055
2024/10/17,19.549999237060547,19.649999618530273,18.87999916,19.110000610351562
2024/10/18,19.299999237060547,19.31999969482422,17.989999771118164,18.030000686645508
2024/10/21,18.780000686645508,19.34000015258789,18.360000610351562,18.37000084
2024/10/22,18.790000915527344,19.440000534057617,18.049999237060547,18.200000762939453
2024/10/23,18.209999084472656,20.469999313354492,18.18000030517578,19.239999771118164
2024/10/24,18.87000084,20.239999771118164,18.62999916,19.079999923706055
2024/10/25,19.219999313354492,20.510000228881836,18.229999542236328,20.329999923706055
2024/10/28,19.110000610351562,19.87999916,18.90999984741211,19.799999237060547
2024/10/29,19.75,20.530000686645508,19.059999465942383,19.34000015258789
2024/10/30,19.329999923706055,20.440000534057617,19.299999237060547,20.350000381469727
2024/10/31,21.440000534057617,23.420000076293945,21.12000084,23.15999984741211
2024/11/1,22.959999084472656,23.09000015258789,21.15999984741211,21.87999916
2024/11/4,22.5,23.06999969482422,21.729999542236328,21.979999542236328
2024/11/5,21.979999542236328,22.059999465942383,20.200000762939453,20.489999771118164
2024/11/6,16.059999465942383,16.81999969482422,15.43999958,16.270000457763672
2024/11/7,15.859999656677246,15.859999656677246,15.130000114440918,15.199999809265137
2024/11/8,15.130000114440918,15.329999923706055,14.65999984741211,14.93999958
2024/11/11,15.329999923706055,15.56000042,14.890000343322754,14.970000267028809
2024/11/12,15.09000015258789,15.369999885559082,14.68999958,14.710000038146973
2024/11/13,15.09000015258789,15.260000228881836,13.770000457763672,14.020000457763672
2024/11/14,14.170000076293945,14.319999694824219,13.59000015258789,14.31000042
2024/11/15,15.020000457763672,17.549999237060547,14.56000042,16.139999389648438
2024/11/18,16.600000381469727,17,15.350000381469727,15.579999923706055
2024/11/19,15.43999958,17.93000030517578,15.369999885559082,16.350000381469727
2024/11/20,16.190000534057617,18.790000915527344,16.040000915527344,17.15999984741211
2024/11/21,17.100000381469727,17.989999771118164,15.729999542236328,16.87000084
2024/11/22,16.670000076293945,17.559999465942383,15.239999771118164,15.239999771118164
2024/11/25,15.229999542236328,15.720000267028809,14.539999961853027,14.600000381469727
2024/11/26,14.949999809265137,15.029999732971191,13.880000114440918,14.100000381469727
2024/11/27,14.279999732971191,15.130000114440918,13.960000038146973,14.100000381469727
2024/11/29,14,14.149999618530273,13.489999771118164,13.510000228881836
2024/12/2,14.079999923706055,14.100000381469727,13.300000190734863,13.34000015258789
2024/12/3,13.380000114440918,13.770000457763672,13.18999958,13.300000190734863
2024/12/4,13.15999984741211,13.609999656677246,12.890000343322754,13.449999809265137
2024/12/5,13.460000038146973,13.699999809265137,13.260000228881836,13.539999961853027
2024/12/6,13.619999885559082,13.739999771118164,12.699999809265137,12.770000457763672
2024/12/9,13.359999656677246,14.229999542236328,13.350000381469727,14.18999958
2024/12/10,14.300000190734863,14.539999961853027,13.859999656677246,14.180000305175781
2024/12/11,14.420000076293945,14.430000305175781,13.520000457763672,13.579999923706055
2024/12/12,13.729999542236328,13.949999809265137,13.390000343322754,13.920000076293945
2024/12/13,13.569999694824219,14.25,13.239999771118164,13.81000042
2024/12/16,14.369999885559082,14.68999958,13.989999771118164,14.68999958
2024/12/17,14.979999542236328,15.93999958,14.779999732971191,15.869999885559082
2024/12/18,15.569999694824219,28.31999969482422,14.819999694824219,27.62000084
2024/12/19,21.610000610351562,24.12000084,20.15999984741211,24.09000015258789
2024/12/20,24.139999389648438,26.510000228881836,17.81999969482422,18.360000610351562
2024/12/23,18.09000015258789,20.020000457763672,16.739999771118164,16.780000686645508
2024/12/24,16.969999313354492,17.040000915527344,14.270000457763672,14.270000457763672
2024/12/26,14.989999771118164,15.930000305175781,14.550000190734863,14.729999542236328
2024/12/27,15.380000114440918,18.450000762939453,15.289999961853027,15.949999809265137
2024/12/30,17.209999084472656,19.219999313354492,16.440000534057617,17.399999618530273
2024/12/31,17.389999389648438,17.809999465942383,16.68000030517578,17.350000381469727
2025/1/2,17.209999084472656,19.5,16.959999084472656,17.93000030517578
2025/1/3,17.65999984741211,17.940000534057617,16.110000610351562,16.12999916
2025/1/6,16.770000457763672,16.87000084,15.710000038146973,16.040000915527344
2025/1/7,16.479999542236328,18.899999618530273,15.789999961853027,17.81999969482422
2025/1/8,17.90999984741211,19.5,17.37000084,17.700000762939453
2025/1/10,18.290000915527344,20.309999465942383,18.049999237060547,19.540000915527344
2025/1/13,21.18000030517578,22.040000915527344,19.149999618530273,19.190000534057617
2025/1/14,18.790000915527344,19.65999984741211,18.239999771118164,18.709999084472656
2025/1/15,19.079999923706055,19.139999389648438,15.960000038146973,16.12000084
2025/1/16,15.869999885559082,16.600000381469727,15.640000343322754,16.600000381469727
2025/1/17,16.190000534057617,16.229999542236328,15.529999732971191,15.970000267028809
2025/1/21,16.290000915527344,16.290000915527344,14.930000305175781,15.06000042
2025/1/22,14.890000343322754,15.289999961853027,14.59000015258789,15.100000381469727
2025/1/23,15.279999732971191,15.390000343322754,14.59000015258789,15.020000457763672
2025/1/24,15.020000457763672,15.15999984741211,14.579999923706055,14.850000381469727
2025/1/27,18.829999923706055,22.510000228881836,17.56999969482422,17.899999618530273
2025/1/28,18.290000915527344,18.389999389648438,16.25,16.40999984741211
2025/1/29,16.420000076293945,18.079999923706055,16.170000076293945,16.559999465942383
2025/1/30,15.930000305175781,16.420000076293945,15.319999694824219,15.84000015258789
2025/1/31,15.449999809265137,17.09000015258789,14.899999618530273,16.43000030517578
2025/2/3,20.360000610351562,20.420000076293945,17.65999984741211,18.62000084
2025/2/4,18.780000686645508,19.110000610351562,16.780000686645508,17.209999084472656
2025/2/5,17.540000915527344,17.75,15.770000457763672,15.770000457763672
2025/2/6,15.880000114440918,16.149999618530273,14.989999771118164,15.5
2025/2/7,15.380000114440918,16.65999984741211,14.789999961853027,16.540000915527344
2025/2/10,16.579999923706055,16.610000610351562,15.699999809265137,15.81000042
2025/2/11,16.12999916,16.420000076293945,15.75,16.020000457763672
2025/2/12,15.90999984741211,17.18000030517578,15.640000343322754,15.890000343322754
2025/2/13,15.970000267028809,16.329999923706055,14.979999542236328,15.100000381469727
2025/2/14,15.079999923706055,15.420000076293945,14.739999771118164,14.770000457763672
2025/2/18,15.569999694824219,16.030000686645508,15.350000381469727,15.350000381469727
2025/2/19,15.140000343322754,15.960000038146973,15.050000190734863,15.270000457763672
2025/2/20,15.609999656677246,16.62999916,15.119999885559082,15.65999984741211
2025/2/21,15.630000114440918,19.030000686645508,15.279999732971191,18.209999084472656
2025/2/24,18.079999923706055,20.239999771118164,17.309999465942383,18.979999542236328
2025/2/25,19.09000015258789,21.479999542236328,18.850000381469727,19.43000030517578
2025/2/26,18.959999084472656,20.059999465942383,17.829999923706055,19.100000381469727
2025/2/27,18.25,21.469999313354492,17.670000076293945,21.12999916
2025/2/28,21.209999084472656,22.399999618530273,19.049999237060547,19.62999916
2025/3/3,19.829999923706055,24.309999465942383,19.25,22.780000686645508
2025/3/4,22.959999084472656,26.350000381469727,21.709999084472656,23.510000228881836
2025/3/5,23.030000686645508,24.84000015258789,21.37000084,21.93000030517578
2025/3/6,22.600000381469727,25.920000076293945,22.389999389648438,24.87000084
2025/3/7,24.850000381469727,26.559999465942383,23.09000015258789,23.37000084
2025/3/10,24.700000762939453,29.559999465942383,24.68000030517578,27.860000610351562
2025/3/11,27.940000534057617,29.56999969482422,26.18000030517578,26.920000076293945
2025/3/12,26.87999916,26.90999984741211,23.889999389648438,24.229999542236328
2025/3/13,24.920000076293945,26.12999916,23.459999084472656,24.65999984741211
2025/3/14,24.350000381469727,24.360000610351562,21.479999542236328,21.770000457763672
2025/3/17,22.889999389648438,22.950000762939453,20.31999969482422,20.510000228881836
2025/3/18,20.829999923706055,22.56999969482422,20.40999984741211,21.700000762939453
2025/3/19,21.84000015258789,22.100000381469727,19.420000076293945,19.899999618530273
2025/3/20,19.520000457763672,21.170000076293945,19.299999237060547,19.799999237060547
2025/3/21,20.020000457763672,21.139999389648438,19.149999618530273,19.280000686645508
2025/3/24,19.12999916,19.139999389648438,17.459999084472656,17.479999542236328
2025/3/25,17.579999923706055,17.770000457763672,17.020000457763672,17.149999618530273
2025/3/26,17.229999542236328,19.06999969482422,16.969999313354492,18.329999923706055
2025/3/27,18.360000610351562,19.280000686645508,17.950000762939453,18.690000534057617
2025/3/28,19.079999923706055,22.18000030517578,18.920000076293945,21.649999618530273
2025/3/31,24.110000610351562,24.799999237060547,21.670000076293945,22.280000686645508
2025/4/1,22.059999465942383,23.520000457763672,21.579999923706055,21.770000457763672
2025/4/2,22.299999237060547,23.65999984741211,20.68000030517578,21.510000228881836
2025/4/3,26.37999916,30.020000457763672,24.93000030517578,30.020000457763672
2025/4/4,30.12000084,45.61000061035156,29.989999771118164,45.310001373291016
2025/4/7,60.130001068115234,60.130001068115234,38.58000183105469,46.97999954223633
2025/4/8,44.040000915527344,57.52000045776367,36.47999954223633,52.33000183105469
2025/4/9,50.97999954223633,57.959999084472656,31.899999618530273,33.619998931884766
2025/4/10,34.439998626708984,54.869998931884766,34.439998626708984,40.720001220703125
2025/4/11,40.79999923706055,46.119998931884766,36.849998474121094,37.560001373291016
2025/4/14,34.75999832,35.16999816894531,29.75,30.889999389648438
2025/4/15,30.010000228881836,31.450000762939453,28.290000915527344,30.12000084
2025/4/16,33.24000168,34.959999084472656,29.479999542236328,32.63999938964844
2025/4/17,30.790000915527344,32.54999923706055,29.56999969482422,29.649999618530273
2025/4/21,32.75,35.75,31.790000915527344,33.81999969482422
2025/4/22,32.61000061035156,32.68000030517578,30.079999923706055,30.56999969482422
2025/4/23,28.75,30.290000915527344,27.110000610351562,28.450000762939453
2025/4/24,28.690000534057617,29.65999984741211,26.360000610351562,26.469999313354492
2025/4/25,26.219999313354492,27.200000762939453,24.84000015258789,24.84000015258789
2025/4/28,25.75,26.93000030517578,24.700000762939453,25.149999618530273
2025/4/29,24.760000228881836,25.989999771118164,23.760000228881836,24.170000076293945
2025/4/30,24.350000381469727,28.170000076293945,24.229999542236328,24.700000762939453
2025/5/1,23.940000534057617,25.18000030517578,23.299999237060547,24.600000381469727
2025/5/2,23.62999916,24.31999969482422,22.34000015258789,22.68000030517578
2025/5/5,24.25,24.62999916,22.809999465942383,23.639999389648438
2025/5/6,23.969999313354492,25.110000610351562,23.899999618530273,24.760000228881836
2025/5/7,24.559999465942383,25.62000084,23.290000915527344,23.549999237060547
2025/5/8,22.84000015258789,23.610000610351562,21.87999916,22.479999542236328
2025/5/9,22.399999618530273,22.81999969482422,21.829999923706055,21.899999618530273
2025/5/12,19.84000015258789,20.440000534057617,18.139999389648438,18.389999389648438
2025/5/13,18.690000534057617,18.850000381469727,17.649999618530273,18.219999313354492
2025/5/14,18.100000381469727,18.81999969482422,18.059999465942383,18.62000084
2025/5/15,19.190000534057617,19.37999916,17.770000457763672,17.829999923706055
2025/5/16,17.959999084472656,17.959999084472656,17.149999618530273,17.239999771118164
2025/5/19,19.84000015258789,19.920000076293945,17.920000076293945,18.139999389648438
2025/5/20,18.459999084472656,18.68000030517578,17.700000762939453,18.09000015258789
2025/5/21,18.770000457763672,21.049999237060547,17.770000457763672,20.87000084
2025/5/22,20.62000084,22.06999969482422,19.639999389648438,20.280000686645508
2025/5/23,20.139999389648438,25.530000686645508,19.829999923706055,22.290000915527344
2025/5/27,20.62999916,21.010000228881836,18.950000762939453,18.959999084472656
2025/5/28,19.209999084472656,19.43000030517578,18.68000030517578,19.309999465942383
2025/5/29,18.25,20.200000762939453,18.110000610351562,19.18000030517578
2025/5/30,19.610000610351562,20.549999237060547,18.56999969482422,18.56999969482422
2025/6/2,19.809999465942383,20.450000762939453,18.360000610351562,18.360000610351562
2025/6/3,18.829999923706055,19.209999084472656,17.639999389648438,17.690000534057617
2025/6/4,17.68000030517578,18.06999969482422,17.40999984741211,17.610000610351562
2025/6/5,17.68000030517578,18.799999237060547,17.079999923706055,18.479999542236328
2025/6/6,18.15999984741211,18.350000381469727,16.649999618530273,16.770000457763672
2025/6/9,17.690000534057617,17.719999313354492,16.81999969482422,17.15999984741211
2025/6/10,17.5,17.989999771118164,16.68000030517578,16.950000762939453
2025/6/11,17.040000915527344,18.09000015258789,16.229999542236328,17.260000228881836
2025/6/12,17.87000084,18.87000084,17.43000030517578,18.020000457763672
2025/6/13,21.760000228881836,22,18.87999916,20.81999969482422
2025/6/16,19.780000686645508,20.219999313354492,18.670000076293945,19.110000610351562
2025/6/17,20.530000686645508,21.790000915527344,19.549999237060547,21.600000381469727
2025/6/18,20.899999618530273,21.579999923706055,19.59000015258789,20.139999389648438
2025/6/20,20.739999771118164,21.06999969482422,19.110000610351562,20.62000084
2025/6/23,21.149999618530273,22.510000228881836,19.81999969482422,19.829999923706055
2025/6/24,18.190000534057617,18.719999313354492,17.329999923706055,17.479999542236328
2025/6/25,17.280000686645508,17.510000228881836,16.68000030517578,16.760000228881836
2025/6/26,16.670000076293945,16.780000686645508,16.110000610351562,16.59000015258789
2025/6/27,16.309999465942383,17.290000915527344,16.12000084,16.31999969482422
2025/6/30,17.190000534057617,17.43000030517578,16.549999237060547,16.729999542236328
2025/7/1,16.979999542236328,17.479999542236328,16.510000228881836,16.829999923706055
2025/7/2,16.75,17.37000084,16.540000915527344,16.639999389648438
2025/7/3,16.649999618530273,16.829999923706055,16.139999389648438,16.37999916
2025/7/7,17.829999923706055,18.5,17.510000228881836,17.790000915527344
2025/7/8,17.40999984741211,17.440000534057617,16.540000915527344,16.809999465942383
2025/7/9,16.760000228881836,16.760000228881836,15.760000228881836,15.93999958
2025/7/10,16.229999542236328,16.239999771118164,15.699999809265137,15.779999732971191
2025/7/11,16.40999984741211,17.239999771118164,15.979999542236328,16.399999618530273
2025/7/14,17.729999542236328,17.850000381469727,16.90999984741211,17.200000762939453
2025/7/15,16.889999389648438,17.389999389648438,16.559999465942383,17.37999916
2025/7/16,17.65999984741211,19.479999542236328,16.690000534057617,17.15999984741211
2025/7/17,17.15999984741211,17.37000084,16.479999542236328,16.520000457763672
2025/7/18,16.43000030517578,16.809999465942383,16.280000686645508,16.40999984741211
2025/7/21,16.87000084,16.989999771118164,16.299999237060547,16.649999618530273
2025/7/22,16.75,17.479999542236328,16.43000030517578,16.5
2025/7/23,16.229999542236328,16.31999969482422,15.319999694824219,15.369999885559082
2025/7/24,15.390000343322754,15.539999961853027,14.949999809265137,15.390000343322754
2025/7/25,15.329999923706055,15.390000343322754,14.920000076293945,14.930000305175781
2025/7/28,15.149999618530273,15.539999961853027,15,15.029999732971191
2025/7/29,14.949999809265137,16.12000084,14.699999809265137,15.979999542236328
2025/7/30,15.869999885559082,17.270000457763672,15.43999958,15.479999542236328
2025/7/31,14.989999771118164,17.170000076293945,14.739999771118164,16.719999313354492
2025/8/1,17.399999618530273,21.899999618530273,17.389999389648438,20.37999916
2025/8/4,19.559999465942383,19.579999923706055,17.479999542236328,17.520000457763672
2025/8/5,17.209999084472656,18.940000534057617,17.110000610351562,17.850000381469727
2025/8/6,17.219999313354492,17.87999916,16.559999465942383,16.770000457763672
2025/8/7,16.40999984741211,17.639999389648438,15.979999542236328,16.56999969482422
2025/8/8,16.479999542236328,16.520000457763672,15.149999618530273,15.149999618530273
2025/8/11,15.81000042,16.360000610351562,15.520000457763672,16.25
2025/8/12,16.09000015258789,16.559999465942383,14.65999984741211,14.729999542236328
2025/8/13,14.619999885559082,14.81000042,14.300000190734863,14.489999771118164
2025/8/14,14.65999984741211,15.390000343322754,14.569999694824219,14.829999923706055
2025/8/15,14.430000305175781,15.180000305175781,14.399999618530273,15.09000015258789
2025/8/18,15.729999542236328,15.949999809265137,14.949999809265137,14.989999771118164
2025/8/19,15.229999542236328,15.90999984741211,14.760000228881836,15.569999694824219
2025/8/20,15.949999809265137,17.190000534057617,15.569999694824219,15.68999958
2025/8/21,15.720000267028809,17.239999771118164,15.649999618530273,16.600000381469727
2025/8/22,16.809999465942383,16.829999923706055,14.210000038146973,14.220000267028809
2025/8/25,15.050000190734863,15.18999958,14.239999771118164,14.789999961853027
2025/8/26,15.75,15.75,14.619999885559082,14.619999885559082
2025/8/27,14.65999984741211,15.229999542236328,14.65999984741211,14.850000381469727
2025/8/28,14.420000076293945,14.68999958,14.119999885559082,14.430000305175781
2025/8/29,14.31000042,15.970000267028809,14.31000042,15.359999656677246
2025/9/2,16.649999618530273,19.37999916,16.549999237060547,17.170000076293945
2025/9/3,17.399999618530273,17.56999969482422,16.34000015258789,16.350000381469727
2025/9/4,16.219999313354492,16.350000381469727,15.279999732971191,15.300000190734863
2025/9/5,15.229999542236328,16.920000076293945,14.739999771118164,15.180000305175781
2025/9/8,15.579999923706055,15.649999618530273,14.989999771118164,15.109999656677246
2025/9/9,15.020000457763672,15.819999694824219,14.970000267028809,15.039999961853027
2025/9/10,14.979999542236328,15.630000114440918,14.630000114440918,15.350000381469727
2025/9/11,15.18999958,15.239999771118164,14.649999618530273,14.710000038146973
2025/9/12,14.619999885559082,14.970000267028809,14.40999984741211,14.760000228881836
2025/9/15,15.140000343322754,15.84000015258789,14.920000076293945,15.68999958
2025/9/16,15.600000381469727,16.37999916,15.43999958,16.360000610351562
2025/9/17,16.420000076293945,16.75,15.260000228881836,15.720000267028809
2025/9/18,14.930000305175781,15.800000190734863,14.329999923706055,15.699999809265137
2025/9/19,15.760000228881836,16.12999916,15.289999961853027,15.449999809265137
2025/9/22,16.139999389648438,16.350000381469727,15.779999732971191,16.100000381469727
2025/9/23,16.100000381469727,17.06999969482422,15.949999809265137,16.639999389648438
2025/9/24,16.56999969482422,17.209999084472656,16.18000030517578,16.18000030517578
2025/9/25,16.549999237060547,17.739999771118164,16.31999969482422,16.739999771118164
2025/9/26,16.889999389648438,17.049999237060547,15.289999961853027,15.289999961853027
2025/9/29,15.84000015258789,16.290000915527344,15.739999771118164,16.12000084
2025/9/30,16.489999771118164,16.700000762939453,16.020000457763672,16.280000686645508
2025/10/1,17.280000686645508,17.280000686645508,15.979999542236328,16.290000915527344
2025/10/2,16.12000084,16.920000076293945,15.930000305175781,16.62999916
2025/10/3,16.350000381469727,17.059999465942383,16.200000762939453,16.649999618530273
2025/10/6,16.739999771118164,17.09000015258789,16.290000915527344,16.37000084
2025/10/7,16.579999923706055,17.549999237060547,16.190000534057617,17.239999771118164
2025/10/8,17.170000076293945,17.200000762939453,16.229999542236328,16.299999237060547
2025/10/9,16.309999465942383,17.270000457763672,16.260000228881836,16.43000030517578
2025/10/10,16.360000610351562,22.440000534057617,16.229999542236328,21.65999984741211
2025/10/13,19.450000762939453,20.770000457763672,18.610000610351562,19.030000686645508
2025/10/14,21.459999084472656,22.940000534057617,19.18000030517578,20.809999465942383
2025/10/15,20.020000457763672,22.440000534057617,19.110000610351562,20.639999389648438
2025/10/16,20.489999771118164,25.43000030517578,19.850000381469727,25.309999465942383
2025/10/17,28.40999984741211,28.989999771118164,20.729999542236328,20.780000686645508
2025/10/20,20.530000686645508,21.020000457763672,18.229999542236328,18.229999542236328
2025/10/21,18.649999618530273,18.889999389648438,17.399999618530273,17.87000084
2025/10/22,17.84000015258789,21.010000228881836,17.729999542236328,18.600000381469727
2025/10/23,18.360000610351562,19.350000381469727,17.079999923706055,17.299999237060547
2025/10/24,17.020000457763672,17.219999313354492,16.020000457763672,16.37000084
2025/10/27,15.729999542236328,16.06999969482422,15.619999885559082,15.789999961853027
2025/10/28,15.949999809265137,16.549999237060547,15.65999984741211,16.420000076293945
2025/10/29,16.34000015258789,17.579999923706055,16.260000228881836,16.920000076293945
2025/10/30,16.260000228881836,17.40999984741211,15.729999542236328,16.90999984741211
2025/10/31,16.43000030517578,18.540000915527344,15.960000038146973,17.440000534057617
2025/11/3,18.059999465942383,18.829999923706055,17,17.170000076293945
2025/11/4,19.729999542236328,20.479999542236328,17.899999618530273,19
2025/11/5,19.37000084,20.020000457763672,17.309999465942383,18.010000228881836
2025/11/6,18.360000610351562,20.309999465942383,17.639999389648438,19.5
2025/11/7,19.520000457763672,22.719999313354492,19.079999923706055,19.079999923706055
2025/11/10,18.579999923706055,18.81999969482422,17.600000381469727,17.600000381469727
2025/11/11,17.899999618530273,18.010000228881836,17.25,17.280000686645508
2025/11/12,17.209999084472656,18.059999465942383,17.100000381469727,17.510000228881836
2025/11/13,17.610000610351562,21.309999465942383,17.510000228881836,20
2025/11/14,21.329999923706055,23.030000686645508,19.559999465942383,19.829999923706055
2025/11/17,19.579999923706055,23.440000534057617,19.540000915527344,22.37999916
2025/11/18,23.540000915527344,25.84000015258789,22.90999984741211,24.690000534057617
2025/11/19,24.520000457763672,24.790000915527344,21.93000030517578,23.65999984741211
2025/11/20,20.780000686645508,28.270000457763672,19.280000686645508,26.420000076293945
2025/11/21,25.969999313354492,27.84000015258789,22.540000915527344,23.43000030517578
2025/11/24,22.690000534057617,23.68000030517578,20.40999984741211,20.520000457763672
2025/11/25,20.549999237060547,21.770000457763672,18.389999389648438,18.559999465942383
2025/11/26,18.25,18.700000762939453,16.93000030517578,17.190000534057617
2025/11/28,17.40999984741211,18.520000457763672,15.779999732971191,16.350000381469727
2025/12/1,18.049999237060547,18.329999923706055,16.579999923706055,17.239999771118164
2025/12/2,17.280000686645508,17.309999465942383,16.389999389648438,16.59000015258789
2025/12/3,16.43000030517578,17.280000686645508,15.930000305175781,16.079999923706055
2025/12/4,16.229999542236328,16.62999916,15.680000305175781,15.779999732971191
2025/12/5,15.579999923706055,16.18000030517578,15.279999732971191,15.40999984741211
2025/12/8,16.149999618530273,17.09000015258789,16.100000381469727,16.65999984741211
2025/12/9,16.65999984741211,17.200000762939453,16.450000762939453,16.93000030517578
2025/12/10,16.940000534057617,17.65999984741211,15.56000042,15.770000457763672
2025/12/11,16.84000015258789,16.87999916,14.850000381469727,14.850000381469727
2025/12/12,14.989999771118164,17.850000381469727,14.850000381469727,15.739999771118164
2025/12/15,16.510000228881836,17.350000381469727,15.989999771118164,16.5
2025/12/16,17.280000686645508,17.610000610351562,16.190000534057617,16.479999542236328
2025/12/17,16.450000762939453,18,15.819999694824219,17.62000084
2025/12/18,17.610000610351562,17.68000030517578,15.930000305175781,16.87000084
2025/12/19,16.309999465942383,16.530000686645508,14.90999984741211,14.90999984741211
2025/12/22,15.15999984741211,15.260000228881836,14.029999732971191,14.079999923706055
2025/12/23,14.09000015258789,14.449999809265137,13.640000343322754,14
2025/12/24,14.09000015258789,14.15999984741211,13.380000114440918,13.470000267028809
2025/12/26,14.119999885559082,14.289999961853027,13.520000457763672,13.600000381469727
2025/12/29,14.68999958,15.079999923706055,13.989999771118164,14.199999809265137
2025/12/30,14.430000305175781,14.619999885559082,14.039999961853027,14.329999923706055
2025/12/31,14.770000457763672,15.170000076293945,14.380000114440918,14.949999809265137
2026/1/2,14.850000381469727,15.420000076293945,14.460000038146973,14.510000228881836
2026/1/5,15.140000343322754,15.270000457763672,14.649999618530273,14.899999618530273
2026/1/6,15,15.210000038146973,14.630000114440918,14.75
2026/1/7,14.949999809265137,15.479999542236328,14.829999923706055,15.380000114440918
2026/1/8,15.68999958,15.850000381469727,15.149999618530273,15.449999809265137
2026/1/9,15.680000305175781,15.81000042,14.430000305175781,14.489999771118164
2026/1/12,16.059999465942383,16.65999984741211,15.029999732971191,15.119999885559082
2026/1/13,15.359999656677246,16.5,14.75,15.979999542236328
2026/1/14,16.329999923706055,18.100000381469727,16.219999313354492,16.75
2026/1/15,16.520000457763672,16.540000915527344,15.300000190734863,15.84000015258789
2026/1/16,15.43999958,16.290000915527344,15.300000190734863,15.859999656677246
2026/1/20,19.940000534057617,20.989999771118164,18.639999389648438,20.09000015258789
2026/1/21,19.309999465942383,20.809999465942383,16.670000076293945,16.899999618530273
2026/1/22,16.649999618530273,16.670000076293945,15.270000457763672,15.640000343322754
2026/1/23,15.680000305175781,16.209999084472656,15.300000190734863,16.09000015258789
2026/1/26,16.899999618530273,17.389999389648438,15.800000190734863,16.149999618530273
2026/1/27,16.020000457763672,16.37000084,15.739999771118164,16.350000381469727
2026/1/28,16.09000015258789,17.18000030517578,16.049999237060547,16.350000381469727
2026/1/29,16.040000915527344,19.739999771118164,16.020000457763672,16.87999916
2026/1/30,18.719999313354492,19.270000457763672,16.670000076293945,17.440000534057617
2026/2/2,19.950000762939453,19.959999084472656,16.079999923706055,16.34000015258789
2026/2/3,16.15999984741211,20.37000084,16.049999237060547,18
2026/2/4,17.62999916,21.239999771118164,17.469999313354492,18.639999389648438
2026/2/5,19.239999771118164,23.100000381469727,19.059999465942383,21.770000457763672
2026/2/6,21.239999771118164,21.489999771118164,19.989999771118164,20.37000084
2026/2/9,17.950000762939453,19.200000762939453,16.899999618530273,17.360000610351562
2026/2/10,17.469999313354492,17.969999313354492,17.139999389648438,17.790000915527344
2026/2/11,17.87000084,18.959999084472656,16.75,17.649999618530273
2026/2/12,17.440000534057617,21.209999084472656,17.079999923706055,20.81999969482422
2026/2/13,21.479999542236328,22.399999618530273,18.920000076293945,20.600000381469727
2026/2/17,21.739999771118164,22.959999084472656,19.760000228881836,20.290000915527344
2026/2/18,19.780000686645508,20.34000015258789,18.479999542236328,19.62000084
2026/2/19,19.34000015258789,21.110000610351562,19.229999542236328,20.229999542236328
2026/2/20,20.040000915527344,21.209999084472656,18.760000228881836,19.09000015258789
2026/2/23,20.489999771118164,22.040000915527344,19.5,21.010000228881836
2026/2/24,21.239999771118164,22.079999923706055,19.229999542236328,19.549999237060547
2026/2/25,19.59000015258789,19.62000084,17.860000610351562,17.93000030517578
2026/2/26,18.06999969482422,20.540000915527344,17.5,18.62999916
2026/2/27,19.280000686645508,21.739999771118164,18.770000457763672,19.860000610351562
2026/3/2,24.65999984741211,25.239999771118164,20.37000084,21.440000534057617
2026/3/3,24.56999969482422,28.149999618530273,22.18000030517578,23.56999969482422
2026/3/4,24.389999389648438,24.87000084,20.399999618530273,21.149999618530273
2026/3/5,22.110000610351562,25.84000015258789,20.549999237060547,23.75
2026/3/6,23.200000762939453,29.93000030517578,22.920000076293945,29.489999771118164
2026/3/9,35.119998931884766,35.29999923706055,24.760000228881836,25.5
2026/3/10,24.389999389648438,26.010000228881836,22.190000534057617,24.93000030517578
2026/3/11,24.899999618530273,26.229999542236328,23.75,24.229999542236328
2026/3/12,25.479999542236328,27.329999923706055,24.600000381469727,27.290000915527344
2026/3/13,27.850000381469727,28.469999313354492,24.670000076293945,27.190000534057617
2026/3/16,25.87999916,26.420000076293945,23.229999542236328,23.510000228881836
2026/3/17,24.559999465942383,24.579999923706055,21.87000084,22.37000084
2026/3/18,21.510000228881836,25.12999916,21.469999313354492,25.09000015258789
2026/3/19,25.600000381469727,27.520000457763672,23.540000915527344,24.059999465942383
2026/3/20,24.459999084472656,29.280000686645508,23.68000030517578,26.780000686645508
2026/3/23,30.040000915527344,31.040000915527344,20.280000686645508,26.149999618530273
2026/3/24,25.90999984741211,27.940000534057617,25.639999389648438,26.950000762939453
2026/3/25,25.790000915527344,26.670000076293945,24.81999969482422,25.329999923706055
2026/3/26,26.489999771118164,28.489999771118164,26.12000084,27.440000534057617
2026/3/27,27.540000915527344,31.649999618530273,27.540000915527344,31.049999237060547
2026/3/30,30.790000915527344,31.520000457763672,29.329999923706055,30.610000610351562
2026/3/31,29.530000686645508,29.639999389648438,25.079999923706055,25.25
2026/4/1,24.299999237060547,25.350000381469727,23.5,24.540000915527344
2026/4/2,26.780000686645508,27.889999389648438,23.87000084,23.87000084
2026/4/6,24.93000030517578,25.299999237060547,23.780000686645508,24.170000076293945
2026/4/7,25.09000015258789,28,24.34000015258789,25.780000686645508
2026/4/8,20.969999313354492,22.170000076293945,19.90999984741211,21.040000915527344
2026/4/9,21.25,21.62999916,19.450000762939453,19.489999771118164
2026/4/10,19.709999084472656,20.280000686645508,18.829999923706055,19.229999542236328
2026/4/13,21.170000076293945,21.579999923706055,18.959999084472656,19.12000084
2026/4/14,18.729999542236328,18.760000228881836,17.889999389648438,18.360000610351562
2026/4/15,18.18000030517578,18.5,17.399999618530273,18.170000076293945
2026/4/16,18.040000915527344,19.09000015258789,17.760000228881836,17.940000534057617
2026/4/17,18.18000030517578,18.239999771118164,16.87000084,17.479999542236328
2026/4/20,19.579999923706055,19.989999771118164,18.770000457763672,18.87000084
2026/4/21,19.18000030517578,20.850000381469727,18.75,19.5
2026/4/22,19.030000686645508,19.540000915527344,18.68000030517578,18.920000076293945
2026/4/23,19.420000076293945,21.559999465942383,18.700000762939453,19.309999465942383
2026/4/24,18.889999389648438,19.350000381469727,18.459999084472656,18.709999084472656
2026/4/27,19.209999084472656,19.270000457763672,18.020000457763672,18.020000457763672
2026/4/28,18.299999237060547,19.43000030517578,17.780000686645508,17.829999923706055
2026/4/29,17.829999923706055,19,17.809999465942383,18.809999465942383
2026/4/30,18.68000030517578,18.729999542236328,16.87000084,16.889999389648438
2026/5/1,17.010000228881836,17.389999389648438,16.440000534057617,16.989999771118164
2026/5/4,17.37999916,19.079999923706055,17.149999618530273,18.290000915527344
2026/5/5,17.950000762939453,18.020000457763672,17.200000762939453,17.37999916
2026/5/6,17.149999618530273,17.459999084472656,16.18000030517578,17.389999389648438
2026/5/7,17.530000686645508,17.600000381469727,16.850000381469727,17.079999923706055
2026/5/8,17.37000084,17.530000686645508,16.81999969482422,17.190000534057617
2026/5/11,18.209999084472656,18.469999313354492,17.899999618530273,18.37999916
2026/5/12,18.770000457763672,19.100000381469727,17.920000076293945,17.989999771118164
2026/5/13,17.979999542236328,18.399999618530273,17.760000228881836,17.87000084
2026/5/14,17.860000610351562,18.079999923706055,17.200000762939453,17.260000228881836
2026/5/15,18.06999969482422,19.270000457763672,17.799999237060547,18.43000030517578
2026/5/18,19.25,19.440000534057617,17.700000762939453,17.81999969482422
2026/5/19,18.010000228881836,18.360000610351562,17.65999984741211,18.059999465942383
2026/5/20,18.170000076293945,18.18000030517578,17.12999916,17.440000534057617
2026/5/21,17.579999923706055,17.87000084,16.600000381469727,16.760000228881836
2026/5/22,16.829999923706055,17.389999389648438,16.459999084472656,16.700000762939453
2026/5/25,16.809999465942383,16.87000084,16.530000686645508,16.59000015258789
2026/5/26,16.920000076293945,17.229999542236328,16.559999465942383,17.010000228881836
2026/5/27,17.010000228881836,17.18000030517578,16.290000915527344,16.290000915527344
2026/5/28,16.760000228881836,16.850000381469727,15.609999656677246,15.739999771118164
2026/5/29,15.81000042,15.880000114440918,15.220000267028809,15.319999694824219
2026/6/1,15.880000114440918,16.34000015258789,15.710000038146973,16.049999237060547
2026/6/2,16.280000686645508,16.290000915527344,15.710000038146973,15.770000457763672
2026/6/3,15.970000267028809,16.62999916,15.93999958,16.059999465942383
2026/6/4,16.329999923706055,16.799999237060547,15.180000305175781,15.399999618530273
2026/6/5,15.869999885559082,21.56999969482422,15.56000042,21.510000228881836
2026/6/8,20.290000915527344,20.350000381469727,17.940000534057617,18.920000076293945
2026/6/9,18.190000534057617,23.34000015258789,17.520000457763672,19.87000084
2026/6/10,20.100000381469727,22.65999984741211,20.059999465942383,22.219999313354492
2026/6/11,21.25,22.59000015258789,19.360000610351562,19.440000534057617
2026/6/12,19.510000228881836,19.850000381469727,17.59000015258789,17.68000030517578
2026/6/15,16.780000686645508,16.850000381469727,15.979999542236328,16.200000762939453
2026/6/16,16.200000762939453,16.440000534057617,15.770000457763672,16.40999984741211
2026/6/17,16.079999923706055,18.84000015258789,16.020000457763672,18.440000534057617
2026/6/18,17.229999542236328,17.600000381469727,16.350000381469727,16.399999618530273
2026/6/22,17.479999542236328,17.920000076293945,16.489999771118164,17.280000686645508
2026/6/23,19.670000076293945,20.540000915527344,18.610000610351562,19.489999771118164
2026/6/24,19.12999916,20.34000015258789,18.040000915527344,18.62999916
2026/6/25,18.110000610351562,19.950000762939453,17.719999313354492,18.889999389648438
2026/6/26,19.700000762939453,20.719999313354492,18.200000762939453,18.40999984741211
2026/6/29,18.600000381469727,19.450000762939453,17.489999771118164,17.649999618530273
2026/6/30,17.540000915527344,17.75,16.270000457763672,16.450000762939453
2026/7/1,17.110000610351562,17.299999237060547,15.970000267028809,16.59000015258789
2026/7/2,17.049999237060547,17.209999084472656,15.789999961853027,16.149999618530273
2026/7/6,16.399999618530273,16.5,15.56000042,15.569999694824219
2026/7/7,15.869999885559082,16.639999389648438,15.529999732971191,16.12999916
2026/7/8,16.549999237060547,18.90999984741211,16.350000381469727,16.899999618530273
2026/7/9,16.579999923706055,17.270000457763672,15.760000228881836,15.84000015258789
2026/7/10,16.059999465942383,16.15999984741211,14.960000038146973,15.029999732971191
2026/7/13,16.31999969482422,17.40999984741211,16.030000686645508,17.15999984741211
2026/7/14,17.209999084472656,17.559999465942383,16.149999618530273,16.5
2026/7/15,16.200000762939453,16.56999969482422,15.640000343322754,15.670000076293945
2026/7/16,15.819999694824219,17.229999542236328,15.770000457763672,16.729999542236328
2026/7/17,18.010000228881836,19.5,17.68000030517578,18.770000457763672
2026/7/20,18.899999618530273,18.940000534057617,17.40999984741211,18.649999618530273
2026/7/21,17.479999542236328,17.989999771118164,16.860000610351562,17.049999237060547
2026/7/22,17.420000076293945,19.489999771118164,16.639999389648438,16.639999389648438
2026/7/23,17.670000076293945,20.309999465942383,17.31999969482422,18.700000762939453
2026/7/24,18.959999084472656,19.049999237060547,17.40999984741211,18.579999923706055
2026/7/27,17.62000084,19.93000030517578,17.530000686645508,18.670000076293945
2026/7/28,19.049999237060547,19.520000457763672,17.87999916,18.209999084472656
2026/7/29,18.270000457763672,20.87999916,17.450000762939453,20.65999984741211
2026/7/30,19.559999465942383,20.079999923706055,17,17.09000015258789
2026/7/31,16.81999969482422,18.700000762939453,15.819999694824219,15.989999771118164